ID,Name,Address,Address2,City,State,Zip,Geocodable,Latitude,Longitude,Website,Phone,Email
1,1/2 Lounge,136 1/2 Church St,,Burlington,VT,05401,136 1/2 Church St Burlington VT,44.476526,-73.212309,,(802) 865-0012,
2,12 Franklin Street Bed & Breakfast,12 Franklin St,,Brandon,VT,05733,12 Franklin St Brandon VT,43.797741,-73.08506,http://www.12franklinstreet.com/,(802) 247-6672,relax@12franklinstreet.com
3,1768 Hubbell Homestead,1545 West Rd,,Bennington,VT,05201,1545 West Rd Bennington VT,42.880348,-73.240067,http://www.colgatepark.com/weddings_colgate_park.html,(802) 447-3900,
4,1811 House,3654 Main St,,Manchester,VT,05254,3654 Main St Manchester VT,43.163231,-73.07177,http://www.equinoxresort.com/accommodations/inns/1811House/,,
5,1820 Wright's Bay On Lake Champlain,81 Eagle Mountain Harbor Rd,,Milton,VT,05468,81 Eagle Mountain Harbor Rd Milton VT,44.694803,-73.212088,http://www.thegolfcourses.net/golfcourses/VT/17782.htm,,
6,1824 House Inn,2150 Main St,,Waitsfield,VT,05673,2150 Main St Waitsfield VT,44.213196,-72.794044,http://www.1824house.com/,(802) 496-7555,
7,1868 Crosby House Bed & Breakfast,175 Western Ave,,Brattleboro,VT,05301,175 Western Ave Brattleboro VT,42.85186,-72.57299,http://www.crosbyhouse.com/,(802) 257-7145,lynn@crosbyhouse.com
8,242 Main,242 Main St,,Burlington,VT,05401,242 Main St Burlington VT,44.4762456,-73.2097726,http://www.myspace.com/242main,,
9,2nd Floor,165 Church St,,Burlington,VT,05401,165 Church St Burlington VT,44.4755589,-73.212667,http://www.secondfloorvt.com,(802) 660-2088,MillenniumDJ2K@aol.com
10,802 Music,1 Main St,,Springfield,VT,05156,1 Main St Springfield VT,43.2996709,-72.482445,http://www.myspace.com/802musicspringfield,,dave.802music@gmail.com
11,A Mountainside B&B In Vermont,2577 River Rd,,Arlington,VT,05250,2577 River Rd Arlington VT,43.091217,-73.208221,http://www.amountainsidebbvt.com/,(802) 375-2238,alodge@sover.net
12,A Taste of Dixie,22 Main St,,Winooski,VT,05404,22 Main St Winooski VT,44.490091,-73.1867273,,(802) 655-7977,
13,Adagio Trattoria,132 Main St,,Brattleboro,VT,05301,132 Main St Brattleboro VT,42.8530453,-72.5585815,http://www.adagiotrattoria.com,(802) 254-6046,
14,Adams Landing Bed & Breakfast,1 Adams Landing Rd Ext,,Grand Isle,VT,05458,1 Adams Landing Rd Ext Grand Isle VT,44.7225436,-73.2923538,http://www.adamslandingvt.com/,(802) 372-4830,
15,After Dark Music Series at United Methodist Church,47 N Pleasant St,,Middlebury,VT,05753,47 N Pleasant St Middlebury VT,44.016953,-73.166678,http://www.afterdarkmusicseries.com/,(802) 388-0216,aftdark@sover.net
16,Akes' Place,134 Church St,,Burlington,VT,05401,134 Church St Burlington VT,44.4767,-73.2123019,http://www.akesplace.com,(802) 864-8111,
17,Albany Town Hall,980 Main St,P.O. Box 284,Albany,VT,05820,980 Main St Albany VT,44.7291159,-72.3808726,,(802) 755-6100,albany@pop.state.vt.us
18,Alburg Country Club,230 Route 129,,Alburg,VT,05440,230 Route 129 Alburg VT,44.8874515,-73.2854094,http://www.alburggolflinks.com/,(802) 796-3586,
19,Alburg Dunes State Park,151 Coon Pt Rd,,Alburg,VT,05440,151 Coon Pt Rd Alburg VT,44.866483,-73.303155,http://www.vtstateparks.com/htm/alburg.htm,(802) 796-4170,
20,Alexandra Bed & Breakfast,916 Orchard Rd,,Bennington,VT,05201,916 Orchard Rd Bennington VT,42.904736,-73.211212,http://www.alexandrainn.com/,(802) 442-5619,alexandr@sover.net
21,All Souls Interfaith Gathering,291 Bostwick Rd,,Shelburne,VT,05482,291 Bostwick Rd Shelburne VT,44.3681489,-73.2409606,http://www.allsoulsinterfaith.org,(802)  985-3819,
22,Alldays & Onions,519 Main St,,Bennington,VT,05201,519 Main St Bennington VT,42.877842,-73.193008,http://www.facebook.com/pages/Alldays-Onions/125886117465906,(802) 447-0043,aorestaurant@aol.com
23,American Flatbread-Lawson Lane Stage,115 Saint Paul St,,Burlington,VT,05401,115 Saint Paul St Burlington VT,44.476553,-73.214154,http://americanflatbread.com/,(802) 861 2199,
24,American Legion Post 5,32 Linden St,,Brattleboro,VT,05301,32 Linden St Brattleboro VT,42.85607,-72.56122,http://www.eventective.com/USA/Vermont/Brattleboro/236335/American-Legion-Post-5.html,,
25,Arkell Pavilion,P.O. Box 617 West Rd,,Manchester,VT,05254,P.O. Box 617 West Rd Manchester VT,43.1874779,-73.070264,http://www.svac.org/arkell_pavilion.html,(802) 362-1405,info@svac.org
26,Arrowhead Golf Course,350 Murray Ave,,Milton,VT,05468,350 Murray Ave Milton VT,44.686025,-73.159325,http://www.thegolfcourses.net/golfcourses/VT/17782.htm,,
27,Arvad's Waitsfield,4740 Main St,,Waitsfield,VT,05676,4740 Main St Waitsfield VT,44.188572,-72.830692,http://www.arvads.com,(802) 244-8973,
28,Ashley's,29 Merchant's Row,,Randolph,VT,05060,29 Merchant's Row Randolph VT,43.922525,-72.663883,,(802) 728-9182,
29,AudionX,60 Spring St,,Swanton,VT,05488,60 Spring St Swanton VT,44.926456,-73.119496,http://www.audionx.com/,(802) 868-1081,
30,B.U. Emporium,163 Porter's Point Rd,,Colchester,VT,05446,163 Porter's Point Rd Colchester VT,44.537824,-73.250247,http://business.vermonttoday.com/B+U+Emporium.393208.87868027.home.html,(802) 658-4292,
31,Back Inn Time,68 Fairfield St,,St. Albans,VT,05478,68 Fairfield St St. Albans VT,44.8088679,-73.0790948,http://www.backinntime.us,(802) 527-5116,
32,Back To Vermont Pub,158 Main St,,Poultney,VT,05764,158 Main St Poultney VT,43.517159,-73.2360379,,,
33,Backstage Pub and Restaurant,60 Pearl St,,Essex Junction,VT,05452,60 Pearl St Essex Junction VT,44.492617,-73.118056,,(802) 878-5494,
34,Backstreet,17 Hudson St,,St. Albans,VT,05478,17 Hudson St St. Albans VT,44.81371,-73.083722,,(802) 527-2400,
35,Bad Girls Cafe,38 Main St,,Johnson,VT,05656,38 Main St Johnson VT,44.635717,-72.679858,,(802) 635.7025,
36,Banana Winds Cafe & Pub,1 Market Pl # 13,,Essex Junction,VT,05452,1 Market Pl # 13 Essex Junction VT,44.506527,-73.132523,,(802) 879-0752,
37,Barnard Inn Restaurant,558 Vt Rte 12,,Barnard,VT,05031,558 Vt Rte 12 Barnard VT,43.6638753,-72.5735378,http://barnardinn.com/,(802) 234-9961,
38,Barnard Town Hall,115 North Rd,P.O. Box 274,Barnard,VT,05031,115 North Rd Barnard VT,43.7301829,-72.618385,http://bavt.org/pages/barnardtownhall.html,(802) 234-9211,
39,Barnhouse Bed & Breakfast,PO Box 326,,Shelburne,VT,05482,PO Box 326 Shelburne VT,44.3806065,-73.227626,http://www.urpampered.com/,(802)  985-3258,vtwellness@yahoo.com
40,Barre Municipal Auditorium,20 Auditorium Hl,,Barre,VT,05641,20 Auditorium Hl Barre VT,44.20327,-72.503549,http://www.barrecity.org/index.asp?Type=B_BASIC&SEC={D20F27D2-E70C-4010-BDFF-1C82D64697FE},(802) 476-0256,
41,Barre Opera House,6 North Main St,,Barre,VT,05641,6 North Main St Barre VT,44.196835,-72.501893,http://www.barreoperahouse.org,(802) 476-8188,carol@barreoperahouse.org
42,Barrows House,3156 Route 30,,Dorset,VT,05251,3156 Route 30 Dorset VT,43.2525602,-73.0960969,http://www.barrowshouse.com/,(802) 867-4455,
43,Barsen House Inn,53 Tri-town Rd,,Vergennes,VT,05491,53 Tri-town Rd Vergennes VT,44.081264,-73.395203,http://www.barsenhouseinn.com/,(802) 759-2646,
44,Basin Harbor Club,4800 Basin Harbor Rd,,Vergennes,VT,05491,4800 Basin Harbor Rd Vergennes VT,44.1970584,-73.3619728,http://www.basinharbor.com/,(802) 475-2311,info@basinharbor.com
45,BCA Center,135 Church St,,Burlington,VT,05401,135 Church St Burlington VT,44.476625,-73.212827,http://www.burlingtoncityarts.org/BCACenter/,(802) 865-7166,clynch@ci.burlington.vt.us
46,Beckwood Pond Vermont Inn,1107 Route 5,,Putney,VT,05346,1107 Route 5 Putney VT,43.0371736,-72.4659831,http://www.inntravels.com/usa/vt/beckwoodpond.html,(802) 254-5900,beckwood@sover.net
47,Bee's Knees,82 Lower Main St,,Morrisville,VT,05661,82 Lower Main St Morrisville VT,44.561758,-72.600084,http://www.thebeesknees-vt.com,(802) 888-7889,sharondeitz@pshift.com
48,Bellows Falls Opera House,7 Square,,Bellows Falls,VT,05101,7 Square Bellows Falls VT,43.1341663,-72.4447372,http://www.bfoperahouse.com,(802) 463-4766,edhoward@rockbf.org
49,Best Western New Englander Motor Inn,220 Northside Dr,,Bennington,VT,05201,220 Northside Dr Bennington VT,42.900063,-73.2112269,http://book.bestwestern.com/bestwestern/US/VT/Bennington-hotels/BEST-WESTERN-PLUS-New-Englander-Motor-Inn/Hotel-Overview.do,(802) 442-6311,
50,Big Picture,48 Carroll Rd,,Waitsfield,VT,05673,48 Carroll Rd Waitsfield VT,44.188415,-72.832872,http://www.bigpicturetheater.info/,(802) 496-8994,
51,Biltmore Grill,115 Saint Paul St,,Burlington,VT,05401,115 Saint Paul St Burlington VT,44.476553,-73.214154,,(802) 863-9222,
52,Birch Ridge Inn,37 Butler Rd,,Killington,VT,05751,37 Butler Rd Killington VT,43.6775677,-72.7798247,http://www.birchridge.com/,(802) 422-4293,
53,Black Diamond Barbeque,"P.O. 2664 Lake Elmore, Vermont 05657",,Lake Elmore,VT,05657,"P.O. 2664 Lake Elmore, Vermont 05657 Lake Elmore VT",44.5393031,-72.5223697,,(802) 888-2275,info@blackdiamondbarbeque.com
54,Black Door Bar and Bistro,44 Main St,,Montpelier,VT,05602,44 Main St Montpelier VT,44.259395,-72.5762815,http://www.blackdoorvt.com,(802)-223-7070,blackdoorvt@aol.com
55,Black River Brew Pub,207 Main St,,Ludlow,VT,05149,207 Main St Ludlow VT,43.396173,-72.70239,http://www.sandcreekbrewing.com/,(802) 228-3100,
56,Blue Tooth,1840 Sugarbush Access Rd,,Warren,VT,05674,1840 Sugarbush Access Rd Warren VT,44.145608,-72.879305,http://www.sugarbush.com/,(802) 583-6300,
57,Blueberry Hill Inn,1307 Goshen Ripton Rd,,Goshen,VT,05733,1307 Goshen Ripton Rd Goshen VT,43.890594,-73.009178,http://www.blueberryhillinn.com,(802) 247-6735,
58,Boccelli's On The Canal,46 Canal St,,Bellows Falls,VT,05101,46 Canal St Bellows Falls VT,43.1351852,-72.4455757,http://www.boccellisonthecanal.com/,(802) 460-1190,boccelli@sover.net
59,Bonz Smokehouse & Grill,97 Portland St,,Morrisville,VT,05661,97 Portland St Morrisville VT,44.563156,-72.598831,http://www.myspace.com/bonzsmokehouse,(802) 888-6283,
60,Boulder Beach State Park,2278 Boulder Beach Rd,,Groton,VT,05046,2278 Boulder Beach Rd Groton VT,44.277355,-72.262222,http://www.vtstateparks.com/htm/boulder.htm,,
61,Boys and Girls Club of Brattleboro,17 Flat St,,Brattleboro,VT,05301,17 Flat St Brattleboro VT,42.8516491,-72.55849,http://www.bgcbrattleboro.com/,(802) 254-5990,rcbgc@sover.net
62,Boys and Girls Club of Burlington,62 Oak St,,Burlington,VT,05401,62 Oak St Burlington VT,44.490017,-73.21124,http://www.bandgclub.org,(802) 864-5263,jthompson@bandgclub.org
63,Bradford Town Hall,172 North Main St,PO Box 339,Bradford,VT,05033,172 North Main St Bradford VT,43.9975433,-72.1265972,http://www.bradford-vt.us/page/town_clerk.php,(802) 222-4727,bradclrk@sover.net
64,Branbury State Park,3570 Lake Dunmore Rd,,Salisbury,VT,05733,3570 Lake Dunmore Rd Salisbury VT,43.9056834,-73.0671002,http://www.vtstateparks.com/htm/branbury.htm,(802) 247-5925,
65,Brandon Inn,20 Park St,,Brandon,VT,05733,20 Park St Brandon VT,43.798492,-73.087171,http://www.historicbrandoninn.com/,,
66,Brandon Motor Lodge,2095 Franklin St,,Brandon,VT,05733,2095 Franklin St Brandon VT,43.778912,-73.058853,,(800) 675-7614,
67,Brattleboro Park System,230 Main St,,Brattleboro,VT,05301,230 Main St Brattleboro VT,42.85528,-72.56057,http://www.brattleboro.org/,(802) 254-4541,
68,Brattleboro Senior Center,207 Main St,,Brattleboro,VT,05301,207 Main St Brattleboro VT,42.85463,-72.55852,http://www.brattleboro.org,(802) 257-7570,
69,Breakwater Cafe & Grill,1 King St,,Burlington,VT,05401,1 King St Burlington VT,44.474869,-73.220031,,(802) 658-6276,
70,Brewski,Route 108,,Jeffersonville,VT,05464,Route 108 Jeffersonville VT,44.6152483,-72.8155018,,(802) 644-5432,
71,Bridport Town Hall,82 Crown Point Rd,P.O. Box 27,Bridport,VT,05734,82 Crown Point Rd Bridport VT,43.984423,-73.315267,,(802) 758-2483,bridporttown@gmavt.net
72,Briggs Opera House,2 N. Main St,PO Box 4287,White River Junction,VT,05001,2 N. Main St White River Junction VT,43.648509,-72.318728,http://www.northernstage.org,(802) 296-7000,info@northernstage.org
73,Brighton Town Hall,49 Mill St,PO Box 377,Island Pond,VT,05846,49 Mill St Island Pond VT,44.8145405,-71.8802009,,(802) 723-4405,Brightonclerk@adelphia.net
74,Brittany Motel,Historic Route 7A,,Manchester,VT,05254,Historic Route 7A Manchester VT,43.1685998,-73.0669779,http://brittanymotel.net/,,
75,Bromley Mountain Ski Resort,3984 Vermont Route 11,,Peru,VT,05152,3984 Vermont Route 11 Peru VT,43.2134334,-72.9332932,http://www.bromley.com/,(802) 824-5522,info@bromley.com
76,Brownstone Tavern,132 Library Ave,,Rutland,VT,05701,132 Library Ave Rutland VT,43.6118296,-72.9866405,,(802) 775-8098,
77,Burke Mountain Ski Resort,223 Sherburne Lodge Rd,,East Burke,VT,05832,223 Sherburne Lodge Rd East Burke VT,44.5878859,-71.9161441,http://www.skiburke.com/,(802) 626-7300,
78,Burlington City Arts,149 Church St,,Burlington,VT,05401,149 Church St Burlington VT,44.476303,-73.212821,http://www.burlingtoncityarts.com,(802) 865-7166,
79,Butler's Restaurant,70 Essex Way,,Essex Junction,VT,05452,70 Essex Way Essex Junction VT,44.501583,-73.078732,,(802) 764-1413,
80,Button Bay State Park,5 Button Bay State Park,,Vergennes,VT,05491,5 Button Bay State Park Vergennes VT,44.1829084,-73.3503374,http://www.vtstateparks.com/htm/buttonbay.htm,(802) 475-2377,
81,Cafe Provence,11 Center St,,Brandon,VT,05733,11 Center St Brandon VT,43.7986393,-73.0883268,http://www.cafeprovencevt.com/,(802) 247-9997.,
82,Cafe Shelburne,5573 Shelburne Rd,,Shelburne,VT,05482,5573 Shelburne Rd Shelburne VT,44.3764309,-73.2288279,http://www.cafeshelburne.com/,(802)  985-3939,
83,Cafe Sweet Basil,32 Depot St,,Lyndonville,VT,05851,32 Depot St Lyndonville VT,44.5349239,-72.004578,http://cafesweetbasil.com/,,drobarts@hotmail.com
84,Caffe Lena,47 Phila St,P.O. Box  245,Saratoga Springs,NY,12866,47 Phila St Saratoga Springs NY,43.0805205,-73.7833362,http://www.caffelena.org,(518) 583-0022,sarahcaffelena.org
85,Calais Town Hall,3120 Pekin Brook Rd,,Calais,VT,05650,3120 Pekin Brook Rd Calais VT,44.36867,-72.467992,,(802) 456-8720,
86,Camp Abnaki,1252 Abnaki Rd,,North Hero,VT,05474,1252 Abnaki Rd North Hero VT,44.766335,-73.309875,http://www.campabnaki.org/,(802) 372-8275,
87,Camp Plymouth State Park,2008 Scout Camp Rd,,Ludlow,VT,05149,2008 Scout Camp Rd Ludlow VT,43.475918,-72.695297,,(802) 228-2025,
88,Candeleros Southwest Grill,24 Wales St,,Rutland,VT,05701,24 Wales St Rutland VT,43.6072879,-72.977455,,,
89,Capitol Grounds,45 State St,,Montpelier,VT,05602,45 State St Montpelier VT,44.2605539,-72.5767449,http://www.capitolgrounds.com,(802) 223-7800,bob@capitolgrounds.com
90,Capitol Plaza Hotel & Conference Center,100 State St,,Montpelier,VT,05602,100 State St Montpelier VT,44.260261,-72.57813,http://www.capitolplaza.com/,(802) 223-5252,
91,Carpenter & Main Restaurant,326 Main St,,Norwich,VT,05055,326 Main St Norwich VT,43.715027,-72.308334,http://www.carpenterandmain.com/,,
92,Castleton State College,62 Alumni Dr,,Castleton,VT,05443,62 Alumni Dr Castleton VT,43.609245,-73.1779789,http://www.castleton.edu/,(802) 468-5611,
93,Catering By Dale,336 Martindale Rd,,Shelburne,VT,05482,336 Martindale Rd Shelburne VT,44.417377,-73.207008,http://www.cateringbydale.com,(802) 985-3871,
94,Celebration Fireworks of Vermont,P.O. Box 2007,,Georgia,VT,05468,P.O. Box 2007 Georgia VT,44.7136111,-73.1105556,http://celebrationfireworksvt.com/services.htm,(802) 524-7063,
95,Center Street Alley,Center St,,Rutland,VT,05701,Center St Rutland VT,43.6067023,-72.9773849,http://www.rutlanddowntown.com/2011/02/center-street-alley/,,
96,Centre Congregational Church,193 Main St,,Brattleboro,VT,05301,193 Main St Brattleboro VT,42.8542,-72.55848,http://www.bmcvt.org/,(802) 257-4523,
97,Chaffee Center for the Visual Arts,16 South Main St,,Rutland,VT,05701,16 South Main St Rutland VT,43.607708,-72.971718,http://www.chaffeeartcenter.org/,(802) 775-0356,
98,Chalet Killington,2685 Killington Rd,,Killington,VT,05751,2685 Killington Rd Killington VT,43.635741,-72.790068,http://www.chaletkillington.com/,(802) 422-3451,
99,Champlain Valley Exposition,105 Pearl St,PO Box 209,Essex Junction,VT,05453,105 Pearl St Essex Junction VT,44.497531,-73.120365,http://www.cvfair.com/,(802) 878-5545,info@cvfair.com
100,Chandler Music Hall,71-73 Main St,,Randolph,VT,05060,71-73 Main St Randolph VT,43.918831,-72.668098,http://www.chandler-arts.org/,(802) 728-9878,president@chandler-arts.org
101,Charity's Tavern,8 Killington Rd,,Killington,VT,05751,8 Killington Rd Killington VT,43.6679783,-72.8036857,http://www.charitysrestaurant.com/,(802) 422-3800,
102,Charlie B's Pub & Restaurant,1746 Mountain Rd,PO Box 369,Stowe,VT,05672,1746 Mountain Rd Stowe VT,44.4741928,-72.7118583,http://www.stoweflake.com/,(802) 253-7355,info@stoweflake.com
103,Charlie Os,70 Main St,,Montpelier,VT,05602,70 Main St Montpelier VT,44.259904,-72.5757603,,(802) 223-6820,
104,Chef's Table,118 Main St,,Montpelier,VT,05602,118 Main St Montpelier VT,44.260935,-72.574978,http://www.necidining.com/chefs-table,(802) 229.9202,
105,Chittenden Town Hall,337 Holden Rd,PO Box 89,Chittenden,VT,05737,337 Holden Rd Chittenden VT,43.7073729,-72.950984,,(802) 483-6647,slabcity@together.net
106,Christ Church,64 State St,,Montpelier,VT,05602,64 State St Montpelier VT,44.260291,-72.577634,http://www.christchurchvt.org/,,
107,Christophe's On The Green,5 N Green St,,Vergennes,VT,05491,5 N Green St Vergennes VT,44.1680699,-73.2520214,http://chowhound.chow.com/topics/164374,,
108,Church of Our Saviour,316 Mission Farm Rd,,Killington,VT,05751,316 Mission Farm Rd Killington VT,43.619598,-72.757095,http://www.dioceseofvermont.org/Churches/Killington.html,,
109,Churchill House Inn,3128 Forest Dale Rd,,Brandon,VT,05733,3128 Forest Dale Rd Brandon VT,43.836078,-73.041949,,(802) 247-3078,
110,Cider House BBQ and Pub,1675 US Route 2,PO Box 34,Waterbury,VT,06701,1675 US Route 2 Waterbury VT,44.3126942,-72.7211397,http://www.ciderhousevt.com/,,
111,City Hall Park,City Hall Park,,Burlington,VT,05406,City Hall Park Burlington VT,44.4764063,-73.2135314,http://www.burlingtonvt.gov/,,
112,City Limits,14 Green St,,Vergennes,VT,05491,14 Green St Vergennes VT,44.1677775,-73.2517852,,(802) 877-6919,
113,Claire's Restaurant and Bar,41 South Main St,,Hardwick,VT,05843,41 South Main St Hardwick VT,44.5040059,-72.366985,http://www.clairesvt.com/,(802) 472-7053,newvermontcooking@yahoo.com
114,Clear River Inn,2614 Vermont 100,,Pittsfield,VT,05762,2614 Vermont 100 Pittsfield VT,43.754733,-72.819739,http://www.clearriverinnvt.com/,(802) 626-3207,
115,Club Metronome,188 Main St,,Burlington,VT,05401,188 Main St Burlington VT,44.47606,-73.2117,http://www.clubmetronome.com,(802) 658-4771,alex@clubmetronome.com
116,Club Vertigo,1 Scale Ave Bldg 10,,Rutland,VT,05701,1 Scale Ave Bldg 10 Rutland VT,43.598022,-72.974838,,(802) 558-5979,info@clubvertigo1.com
117,Cobbweb,Sandy Birch Rd,,Georgia,VT,05468,Sandy Birch Rd Georgia VT,44.6971869,-73.1402587,,(802) 849-6945,
118,Colatina Exit,164 Main St,PO Box 316,Bradford,VT,05033,164 Main St Bradford VT,43.9053468,-72.1471952,http://colatinaexit.com/,(802) 222-9008,
119,College Of St. Joseph,71 Clement Rd,,Rutland,VT,05701,71 Clement Rd Rutland VT,43.601185,-73.000288,http://www.csj.edu/,,
120,Combes Family Inn Bed and Breakfast,953 East Lake Rd,,Ludlow,VT,05149,953 East Lake Rd Ludlow VT,43.453176,-72.694846,,(802) 228-8799,
121,Comfort Inn & Suites,703 US Route 5 South,,St. Johnsbury,VT,05819,703 US Route 5 South St. Johnsbury VT,44.4019261,-72.0222074,http://www.vermontvacationland.com/vermont-site-map.asp,(866) 464-2408,VermontTajMahal@aol.com
122,Comfort Inn at Maplewood,213 Paine Turnpike North,,Montpelier,VT,05602,213 Paine Turnpike North Montpelier VT,44.213413,-72.576363,http://www.comfortinnsuites.com/,(802) 229-2222,
123,Comfort Inn Trolley Square,19 Allen St,,Rutland,VT,05701,19 Allen St Rutland VT,43.596603,-72.968086,http://www.trails.com/comfort-inn-trolley-square-hotel-8427.html,,
124,Contois Auditorium,149 Church St,,Burlington,VT,05401,149 Church St Burlington VT,44.476303,-73.212821,,(802) 865-7166,
125,Copper Kettle Bed and Breakfast,22 West Hill Rd,,Putney,VT,05346,22 West Hill Rd Putney VT,42.9886434,-72.5324232,http://www.copperkettle.net/,(802) 387-4040,info@copperkettle.net
126,Cornwall Orchards Bed & Breakfast,1364 Route 30,,Middlebury,VT,05753,1364 Route 30 Middlebury VT,43.9797333,-73.2047637,http://www.cornwallorchards.com/,(802) 462-2272,
127,Cortina Inn & Resort,103 US Route 4,,Killington,VT,05751,103 US Route 4 Killington VT,43.65833,-72.872377,http://www.cortinainn.com/,(802) 772-7118,
128,Cottage At Junction Hill,P O Box 428,,Jeffersonville,VT,05464,P O Box 428 Jeffersonville VT,44.6439391,-72.8292945,http://www.selectvermontinns.com/camping.php,,
129,Country Club Of Barre,142 Drake Rd,,Barre,VT,05641,142 Drake Rd Barre VT,44.2495018,-72.4636097,http://www.ccofbarre.net/,(802) 476-7658,ccofbarre@pshift.com
130,Courtyard by Marriott - Middlebury,309 Court St,,Middlebury,VT,05753,309 Court St Middlebury VT,44.003063,-73.1529089,http://www.middleburycourtyaRdcom/,(802) 388-7600,
131,Creamery  Restaurant,46 Hill St,,Danville,VT,05828,46 Hill St Danville VT,44.412244,-72.140058,,(802) 684-3616,
132,Cuzzin's Nightclub,39 Mount Snow Rd,,Dover,VT,05356,39 Mount Snow Rd Dover VT,42.969764,-72.896119,,(800) 245-7669,
133,CVU,369 CVU Rd,,Hinesburg,VT,05461,369 CVU Rd Hinesburg VT,44.344147,-73.110085,,(802) 482-7194,access@cvuhs.org
134,D.A.R. State Park,6750 Vt Route 17 W,,Vergennes,VT,05491,6750 Vt Route 17 W Vergennes VT,44.053616,-73.413033,http://www.vtstateparks.com/htm/dar.htm,,
135,Daily Planet,15 Center St,,Burlington,VT,05401,15 Center St Burlington VT,44.477776,-73.211669,,(802) 862-9647,
136,Dalem's Chalet,78 South St,,Brattleboro,VT,05301,78 South St Brattleboro VT,42.850844,-72.599862,http://www.dalemschalet.com/,(802) 254-4323,info@dalemschalet.com
137,Dan's Place,31 Main St,,Bristol,VT,05443,31 Main St Bristol VT,44.1329551,-73.077405,https://plus.google.com/111911631689561115750/about?gl=us&hl=en,(802) 453-2774,
138,Days Inn Barre,173-175 South Main St,,Barre,VT,05641,173-175 South Main St Barre VT,44.1366798,-72.6591595,http://www.daysinn.com/DaysInn/control/Booking/property_info?propertyId=04080,(802) 476-6678,
139,Days Inn Burlington,124 College Parkway,,Colchester,VT,05446,124 College Parkway Colchester VT,44.49278,-73.168056,http://www.daysinn.com/DaysInn/control/Booking/property_info?propertyId=04873&as_srp=SP2&cid=carat_search-Days_Inn,(802) 655-0900,
140,Deacon's Den,Rt 100,,West Dover,VT,05356,Rt 100 West Dover VT,43.7907016,-72.7614485,http://www.southvermont.com/westdover/deacons/,(802) 464-9361,
141,Deer Run Motor Inn,80 Deer Run Loop,,Jeffersonville,VT,05464,80 Deer Run Loop Jeffersonville VT,44.6495423,-72.820297,http://www.deerrunmotorinn.com/,(802) 644-8866,
142,Destiny Nightclub,Rt. 5,,Ascutney,VT,05030,Rt. 5 Ascutney VT,43.4087759,-72.4074529,,(802) 674-6671,
143,Dibden Center For The Arts,337 College Hill,,Johnson,VT,05656,337 College Hill Johnson VT,44.641575,-72.671707,http://www.jsc.edu/,(802) 635-2356,Web.Editor@jsc.edu
144,Diversity Studios,115 College St,,Burlington,VT,05401,115 College St Burlington VT,44.476831,-73.215192,http://www.diversitystudios.com/Welcome_to_Diversity_Studios_in_Burlington.html,(802) 865-2787,info@diversitystudios.com
145,Dove Tail Inn,3370 Vt Route 30,,Dorset,VT,05251,3370 Vt Route 30 Dorset VT,43.2550036,-73.0989381,http://www.dovetailinn.com/,(802) 867-5747,
146,Dunmore Acres,2618 Lake Dunmore Rd,,Brandon,VT,05733,2618 Lake Dunmore Rd Brandon VT,43.8792955,-73.0643011,http://www.dunmoreacres.net/,,info@dunmoreacres.net
147,Echo Lake Inn,2 Dublin Rd,,Ludlow,VT,05149,2 Dublin Rd Ludlow VT,43.465443,-72.703705,,(802) 228-8602,
148,Econo Lodge,287 S. Main St,,St. Albans,VT,05478,287 S. Main St St. Albans VT,44.795184,-73.092969,http://www.econolodge.com/ires/en-US/html/CitySearch?placename=saint_albans&state=VT&country=US&chain=E&source=gegf555,(802) 524-5956,
149,Elley-Long Music Center,233 Ethan Allen Ave,,Colchester,VT,05439,233 Ethan Allen Ave Colchester VT,44.5030392,-73.1512633,,,
150,Elliot House Bed & Breakfast,5779 Dorset St,,Shelburne,VT,05482,5779 Dorset St Shelburne VT,44.386471,-73.175728,http://www.elliothouse.com,(802) 985-2727,
151,Elmore State Park,856 VT Route 12,,Lake Elmore,VT,05657,856 VT Route 12 Lake Elmore VT,44.5430409,-72.5332159,,(802) 888-2982,
152,Emerson Guest House,82 Main St,,Vergennes,VT,05491,82 Main St Vergennes VT,44.170177,-73.249573,http://www.emersonhouse.com/,(802) 877-6900,
153,Emily's,434 Edson Hill Rd,,Stowe,VT,05672,434 Edson Hill Rd Stowe VT,44.494583,-72.72583,http://www.stowehofinn.com/,(802) 253-9722,fo@stowehofinn.com
154,Esox,194 Main St,,Burlington,VT,05401,194 Main St Burlington VT,44.476166,-73.211636,,(802) 862-7314,
155,Essex Country Club,332 Old Stage Rd,,Essex Junction,VT,05452,332 Old Stage Rd Essex Junction VT,44.554778,-73.068689,http://www.essexccvt.com/,(802) 879-3232,
156,Essex Teen Center aka The Stomping Ground,2 Lincoln St,,Essex Junction,VT,05452,2 Lincoln St Essex Junction VT,44.4906201,-73.1112026,,(802) 878-6988,
157,Estabrook House Bed And Breakfast,1596 Main St,,St Johnsbury,VT,05819,1596 Main St St Johnsbury VT,44.423801,-72.017242,http://www.estabrookhouse.com/,(802) 751-8261,innkeeper@estabrookhouse.com
158,Fairhill Bed & Breakfast,724 E Munger St,,Middlebury,VT,05753,724 E Munger St Middlebury VT,44.0434569,-73.103859,http://www.innsite.com/inns/A000698.html,,
159,Faith United Methodist Church,899 Dorset St,,S. Burlington,VT,05403,899 Dorset St S. Burlington VT,44.447731,-73.178672,,,
160,Ferry Watch Inn,121 W Shore Rd,,Grand Isle,VT,05458,121 W Shore Rd Grand Isle VT,44.703929,-73.347433,http://home.myfairpoint.net/tdwert1/,,
161,Fink's Pub & Nightclub,324 Route 100,,Mount Snow,VT,05356,324 Route 100 Mount Snow VT,42.9589685,-72.9237112,,(802) 464-2553 x12,
162,Finkerman's Riverside Barbecue,188 River St,,Montpelier,VT,05602,188 River St Montpelier VT,44.2500012,-72.5565463,,,
163,Finnigans Pub,205 College St,,Burlington,VT,05401,205 College St Burlington VT,44.476999,-73.211688,,(802) 864-8209,
164,Fire & Ice Restaurant,26 Seymour St,,Middlebury,VT,05753,26 Seymour St Middlebury VT,44.017254,-73.168716,http://www.fireandicerestaurant.com/,(802) 388-7166,
165,Fire Stones Restaurant,Route 4 Waterman Place,,Quechee,VT,05059,Route 4 Waterman Place Quechee VT,43.6439725,-72.4193881,http://www.firestonesrestaurant.net/,(802) 295-1600,
166,Fitch Hill Inn,258 Fitch Hill Rd,,Hyde Park,VT,05655,258 Fitch Hill Rd Hyde Park VT,44.599232,-72.611343,http://www.fitchhillinn.com/,(802) 888-3834,
167,Flat St. Brew Pub and Tap Room,6 Flat St,,Brattleboro,VT,05301,6 Flat St Brattleboro VT,42.8513525,-72.5580448,http://www.flatstreetbrewpub.net/,(802) 257-1911,brewpub@sover.net
168,Flying Under Radar Concerts,PO Box 653,,Bellows Falls,VT,05101,PO Box 653 Bellows Falls VT,43.133411,-72.4439772,http://www.flyingunderradar.com/,(802) 463.3669,trains@sover.net
169,Flynn Theatre,153 Main St,,Burlington,VT,05401,153 Main St Burlington VT,44.475771,-73.213178,http://www.flynncenter.org,(802) 863-5966,
170,Fort Dummer State Park,517 Old Guilford Rd,,Brattleboro,VT,05301,517 Old Guilford Rd Brattleboro VT,42.8246041,-72.5667176,http://www.vtstateparks.com/htm/fortdummer.htm,(802) 254-2610,
171,Forty Putney Road Bed & Breakfast,192 Putney Rd,,Brattleboro,VT,05301,192 Putney Rd Brattleboro VT,42.86076,-72.55832,http://www.fortyputneyroad.com/,(802) 254-6268,
172,Franklin Conference Center,1 Scale Ave,,Rutland,VT,05701,1 Scale Ave Rutland VT,43.598022,-72.974838,http://franklinconference.com/,(802) 773- 0045,
173,Franny O's,733 Queen City Park Rd,,Burlington,VT,05401,733 Queen City Park Rd Burlington VT,44.444607,-73.211795,,(802) 863-2909,
174,Fullerton Inn,40 The Common,,Chester,VT,05143,40 The Common Chester VT,43.2644367,-72.5994041,http://www.fullertoninn.com/,(802) 875-2444,
175,Gallaghers,Jct Route 17 & 100,,Waitsfield,VT,05673,Jct Route 17 & 100 Waitsfield VT,44.181511,-72.8400224,,(802) 496-8800,
176,Gifford Woods State Park,34 Gifford Woods,,Killington,VT,05751,34 Gifford Woods Killington VT,43.676155,-72.811371,http://www.vtstateparks.com/htm/giffoRdhtm,(802) 775-5354,
177,Good Times Cafe,Route 116,PO Box 231,Hinesburg,VT,05461,Route 116 Hinesburg VT,44.3238082,-73.0996029,,(802) 482-4444,captzapp@together.net
178,Grace Congregational Church,8 Court St,,Rutland,VT,05701,8 Court St Rutland VT,43.6076089,-72.97525,,(802) 775-4301,
179,Grand Isle State Park,36 E Shore,,S.  Grand Isle,VT,05458,36 E Shore S.  Grand Isle VT,44.6863838,-73.2947647,http://www.vtstateparks.com/,(802) 372-4300,
180,Green Door Studio,18 Howard St,,Burlington,VT,05401,18 Howard St Burlington VT,44.4671613,-73.2140397,http://www.greendoorstudio.net/,(802) 316-1124,dcameron@greendoorstudio.net
181,Green Mountain Christian Center Conference & Banquet Facility,1506 Harwood Hill Rd,,Bennington,VT,05201,1506 Harwood Hill Rd Bennington VT,42.922825,-73.210945,http://www.greenmtn.org/Conference%20&%20Banquet.html,(802) 447-7224,greenmountainpastor@comcast.net
182,Green Mountain Rock Climbing Center,223 Woodstock Ave,,Rutland,VT,05701,223 Woodstock Ave Rutland VT,43.61981,-72.955895,http://www.vermontclimbing.com,(802) 773-3343,
183,Green River Bridge House,2435 Stage Rd,,Brattleboro,VT,05301,2435 Stage Rd Brattleboro VT,42.775326,-72.666595,http://www.greenriverbridgehouse.com,(802) 257-5771,
184,Green River Inn Bed & Breakfast,3402 Sandgate Rd,,Sandgate,VT,05250,3402 Sandgate Rd Sandgate VT,43.1499293,-73.1971018,http://www.bnbfinder.com/Vermont/Sandgate/Bed-and-Breakfast/Listing/18145/Green_River_Inn,(802) 648-2212,
185,Grist Mill Restaurant & Lounge,Killington Rd,,Killington,VT,05751,Killington Rd Killington VT,43.6365309,-72.7961179,http://www.gristmillkillington.com/,(802) 422-3970,gristmill@vermontel.net
186,Grizzlies at the Stratton Mountain Resort,43 VT Route 30,,Bondville,VT,05340,43 VT Route 30 Bondville VT,43.1442756,-72.8751141,http://www.stratton.com/index.htm,1 800 STRATTON (787-2886),feedback@stratton.com
187,Gustos,28 Prospect St,,Barre,VT,05641,28 Prospect St Barre VT,44.1964571,-72.5024088,http://www.gustosbar.com/,(802) 476-7919,
188,Halvorson's,16 Church St,,Burlington,VT,05401,16 Church St Burlington VT,44.480015,-73.2125949,,(802) 658-0278,patmay@vtsky.net
189,Hampton Inn & Conference Center,42 Lower Mountain View Dr,,Colchester,VT,05446,42 Lower Mountain View Dr Colchester VT,44.506474,-73.179214,http://hamptoninn.hilton.com/en/hp/hotels/index.jhtml?ctyhocn=BTVMVHX,(802) 655-6177,
190,Hampton Inn Bennington,51 Hannaford Sq,,Bennington,VT,05201,51 Hannaford Sq Bennington VT,42.908215,-73.2222139,http://www.hamptoninn.com/en/hp/hotels/index.jhtml?ctyhocn=BENVTHX,(802) 440-9862,
191,Hampton Inn Brattleboro,1378 Putney Rd,,Brattleboro,VT,05301,1378 Putney Rd Brattleboro VT,42.891985,-72.55261,http://www.hamptoninn.com,,
192,Hampton Inn Rutland,47 Farrell Rd,,Rutland,VT,05701,47 Farrell Rd Rutland VT,43.583929,-72.969735,http://www.rutlandhampton.com,(802) 773-9066,
193,Hampton Inn-Champlain Ballroom,42 Lower Mountain View Dr,,Colchester,VT,05446,42 Lower Mountain View Dr Colchester VT,44.506474,-73.179214,http://www.HamptonInnBurlington.com,(802) 863-5966,dgrahn@sbtinsurance.com
194,Harrington House Bed & Breakfast,5059 Shelburne Rd,,Shelburne,VT,05842,5059 Shelburne Rd Shelburne VT,44.383588,-73.226127,,(802) 985-2313,
195,Harvest Moon Bed & Breakfast,1659 North Grove St,,Rutland,VT,05701,1659 North Grove St Rutland VT,43.653,-72.995911,http://www.harvestmoonvt.com,(802) 773-0889,
196,Haskell Free Library and Opera House,93 Caswell Ave,PO Box 337,Derby Line,VT,05830,93 Caswell Ave Derby Line VT,45.0056662,-72.0976802,http://www.haskellopera.org,(802) 873-3022,info@haskellopera.org
197,Hathaway Farm,741 Prospect Hill Rd,,Rutland,VT,05701,741 Prospect Hill Rd Rutland VT,43.656215,-72.972758,http://www.hathawayfarm.com,(802) 775-2624,
198,Heart Of The Village Inn,5347 Shelburne Rd,,Shelburne,VT,05482,5347 Shelburne Rd Shelburne VT,44.379585,-73.227631,http://www.heartofthevillage.com,(802) 985-2800,
199,Heatherstone Bed & Breakfast,3324 Jersey St S,,Vergennes,VT,05491,3324 Jersey St S Vergennes VT,44.0241942,-73.3711509,http://www.visitheatherstone.com/,(802) 759-3180,
200,Henry Farm Inn,2206 Green Mountain Turnpike,,Chester,VT,05143,2206 Green Mountain Turnpike Chester VT,43.258953,-72.57708,http://www.henryfarminn.com/,(802) 875-2674,
201,Henrys at Holiday Inn,1068 Williston Rd,,South Burlington,VT,05403,1068 Williston Rd South Burlington VT,44.4700509,-73.1810393,,(802) 863-6361,
202,Heritage Deli & Bakery,Route 103,,Chester,VT,05143,Route 103 Chester VT,43.2728727,-72.5893088,http://www.heritagedeliandbakery.com/,,
203,Hickory Ridge House Bed & Breakfast,53 Hickory Ridge Rd S,,Putney,VT,05346,53 Hickory Ridge Rd S Putney VT,42.999912,-72.536652,http://www.hickoryridgehouse.com/Site/Home.html,(802) 387-5709,
204,High Meadow Bed and Breakfast,1742 Goshen Ripton Rd,,Goshen,VT,05733,1742 Goshen Ripton Rd Goshen VT,43.896358,-73.01329,http://highmeadowbb.com/,(802) 247-3820,highmeadowbedandbreakfast@gmail.com
205,High View Retreat & Spa,753 E Hill Rd,,Chester,VT,05143,753 E Hill Rd Chester VT,43.292511,-72.708061,http://www.eventective.com/USA/Vermont/Chester/179438/High-View-Retreat-Spa.html,,
206,Higher Ground,1214 Williston Rd,,S. Burlington,VT,05403,1214 Williston Rd S. Burlington VT,44.468887,-73.17564,http://www.highergroundmusic.com/,(802) 652-0777,
207,Hildene,1005 Hildene Rd,,Manchester,VT,05254,1005 Hildene Rd Manchester VT,43.1409543,-73.0810023,http://www.hildene.org/,,
208,Hill Farm Inn,458 Hill Farm Rd,,Arlington,VT,05250,458 Hill Farm Rd Arlington VT,43.109241,-73.120209,http://www.hillfarminn.com/,(802) 882-2545,
209,Hilltop Inn of Vermont,3472 Airport Rd,,Berlin,VT,05602,3472 Airport Rd Berlin VT,44.218601,-72.558907,http://www.hilltopinnvt.net/,(802) 229-5766,
210,Holiday Inn Express Hotel & Suites Battleboro,100 Chickering Rd,,Brattleboro,VT,05301,100 Chickering Rd Brattleboro VT,42.8789749,-72.563916,,(802) 257-2400,
211,Holiday Inn Rutland,476 US Route 7 South,,Rutland,VT,05701,476 US Route 7 South Rutland VT,43.601896,-72.9710525,http://www.hivermont.com,(802) 775-1911,
212,Homeplace,P O Box 96,,Jericho,VT,05465,P O Box 96 Jericho VT,44.5039757,-72.9976522,http://www.homeplacebandb.com/,(802) 899 4694,
213,Hooker Dunham Theatre,139 Main St,,Brattleboro,VT,05301,139 Main St Brattleboro VT,42.852966,-72.558106,http://www.hookerdunham.org/,,hd@sover.net or hdtandg@sover.net
214,Hooper's Pub,215 Main St,,Vergennes,VT,05491,215 Main St Vergennes VT,44.1674276,-73.2524939,,(802) 877-3667,
215,"Hub Teen Center & Skatepark, The",110 Airport Parkway,,Bristol,VT,05443,110 Airport Parkway Bristol VT,44.1345082,-73.0904864,http://www.bristolskatepark.com,(802) 453-3678,booking@bristolskatepark.com
216,Hyde Away Inn & Restaurant,1428 Mill Brook Rd,,Waitsfield,VT,05673,1428 Mill Brook Rd Waitsfield VT,44.1833262,-72.8698381,http://www.hydeawayinn.com/,(802) 496-2322,
217,Hyde Park Opera House,85 Main St,PO Box 9,Hyde Park,VT,05655,85 Main St Hyde Park VT,44.594268,-72.618069,http://www.lamoillecountyplayers.com/,(802) 888-4507,info@lcplayers.com
218,Im Not Yr Dentist Records,404 Brand Farm Dr,,South Burlington,VT,05403,404 Brand Farm Dr South Burlington VT,44.446041,-73.170021,http://myspace.com/imnotyrdentist,(978) 895-6437,imnotyrdentist@gmail.com
219,Inferno,19 Elliot St,,Brattleboro,VT,05301,19 Elliot St Brattleboro VT,42.8521803,-72.5586522,http://www.gotoinferno.com/,(802) 258-6529,virgil@gotoinferno.com
220,Inn at Baldwin Cree,1868 North 116 Rd,,Bristol,VT,05443,1868 North 116 Rd Bristol VT,44.1547579,-73.045695,http://www.innatbaldwincreek.com,(888) 424-2432,
221,Inn at Clearwater Pond,984 Quechee-Hartland Rd,,Quechee,VT,05059,984 Quechee-Hartland Rd Quechee VT,43.629137,-72.418662,http://innatclearwaterpond.com/,(802) 295-0606,
222,Inn At Long Trail,709 Old Route Four,,Killington,VT,05751,709 Old Route Four Killington VT,43.6299967,-72.7968906,,(802) 775-7181,
223,Inn at West View Farm,2928 Route 30,,Dorset,VT,05251,2928 Route 30 Dorset VT,43.2497876,-73.0933083,http://www.innatwestviewfarm.com/,(800) 769-4903,
224,Inn On Covered Bridge Green,3587 River Rd,,Arlington,VT,05250,3587 River Rd Arlington VT,43.1028089,-73.2204009,http://www.coveredbridgegreen.com/,(802) 375-9784,Stay@CoveredBridgeGreen.com
225,Inn Victoria Vermont Bed and Breakfast,321 Main St,,Chester,VT,05143,321 Main St Chester VT,43.2648579,-72.600815,http://www.innvictoria.com/,,
226,Ira Allen Chapel,University of Vermont Campuses,,Burlington,VT,05401,University of Vermont Campuses Burlington VT,44.4758825,-73.212072,http://www.bscvermont.org,(802) 878-5919,debf@adelphia.net
227,Ira Allen House,611 State Route 7A,,Manchester,VT,05254,611 State Route 7A Manchester VT,43.1274142,-73.0970777,http://www.iraallenhouse.com/,,
228,Iron Lantern,272 Route 4a,,West Castleton,VT,05735,272 Route 4a West Castleton VT,43.608887,-73.213898,http://www.ironlanternrestaurant.com/,(802) 468-5474,
229,Jackson Gore Inn,77 Okemo Ridge Rd,,Ludlow,VT,05149,77 Okemo Ridge Rd Ludlow VT,43.40161,-72.716386,http://www.okemo.com/okemowinter/,(866) 706-5366,info@okemo.com
230,James Moore Tavern,Bolton Valley Access Rd,,Bolton Valley,VT,05477,Bolton Valley Access Rd Bolton Valley VT,44.5588028,-72.5778415,,(802) 434-3444,
231,Jasper's Tavern,19  Main St,,Newport,VT,05855,19  Main St Newport VT,44.8669279,-72.2617029,,(802) 334-2224,
232,Java Babbas,57 Pond St,,Ludlow,VT,05149,57 Pond St Ludlow VT,43.399826,-72.705912,http://www.javababas.com/,(802) 228-4413,
233,Jay Peak Resort,830 Jay Peak Rd,,Jay,VT,05859,830 Jay Peak Rd Jay VT,44.9372247,-72.5001352,http://www.jaypeakresort.com,,
234,JD McCliment's Pub,26 Bellows Falls Rd,,Putney,VT,05346,26 Bellows Falls Rd Putney VT,42.979038,-72.516518,http://www.jdmcclimentspub.com/,(802) 387-4499,
235,JDC's Just Delicious Catering,567 Mcfarlane Rd,,Hyde Park,VT,05655,567 Mcfarlane Rd Hyde Park VT,44.581673,-72.531029,http://www.justdeliciouscateringvt.com/,,
236,Jensen's Restaurant,332 North St,,Bennington,VT,05201,332 North St Bennington VT,42.885983,-73.199318,http://www.jensensrestaurant.com/,(802) 442-3333,
237,Jilly's Sports Bar,24 Merchants Row,,Rutland,VT,05701,24 Merchants Row Rutland VT,43.608868,-72.9804319,,(802) 775-6919,
238,John Egan's Big World,8 Vt Route 17,,Waitsfield,VT,05673,8 Vt Route 17 Waitsfield VT,44.1807185,-72.8429297,http://www.bigworldvermont.com/,(802) 496-3033,
239,Johnson State College,337 College Hl,,Johnson,VT,05656,337 College Hl Johnson VT,44.641575,-72.671707,http://www.jsc.edu/,,
240,JP Morgans,100 Main St,,Montpelier,VT,05602,100 Main St Montpelier VT,44.2606398,-72.5751902,,(802) 223-5222,
241,JPs Pub,139 Main St,,Burlington,VT,05401,139 Main St Burlington VT,44.475749,-73.213526,,(802) 658-6389,
242,Judith's Garden Bed & Breakfast,423 Goshen Ripton Rd,,Brandon,VT,05733,423 Goshen Ripton Rd Brandon VT,43.877964,-73.012215,http://www.eventective.com/USA/Vermont/Brandon/179743/Judith-s-Garden-Bed-Breakfast.html,,
243,Kellogg Hubbard Library,135 Main St,,Montpelier,VT,05602,135 Main St Montpelier VT,44.261121,-72.573708,http://www.kellogghubbaRdorg/,,
244,Kept Writer,5 Lake St,,St. Albans,VT,05478,5 Lake St St. Albans VT,44.811023,-73.083985,http://www.keptwriter.com,(802) 527-6242,jedd@keptwriter.com
245,Kids Playce,20 Elliott St,,Brattleboro,VT,05301,20 Elliott St Brattleboro VT,42.8519129,-72.5584244,http://www.kidsplayce.org/,(802) 254-5212,
246,Kill Kare State Park,PO Box 123,,St. Albans,VT,05478,PO Box 123 St. Albans VT,44.8107132,-73.0835582,http://travel.yahoo.com/p-parks-218019-kill_kare_state_park-i,(802) 524-6021,
247,Killington Grand Hotel Resort & Conference Center,228 East Mountain Rd,,Killington,VT,05751,228 East Mountain Rd Killington VT,43.627933,-72.793838,http://www.killington.com/summer/index.html,,
248,Killington Resort,4763 Killington Rd,,Killington,VT,05751,4763 Killington Rd Killington VT,43.619801,-72.80271,http://www.killington.com/,(802) 422-6200,
249,Kincade's,384 Rt. 7 So.,,Milton,VT,05468,384 Rt. 7 So. Milton VT,44.6238839,-73.1341769,http://www.myspace.com/kincade,(802) 893-4649,Kincadeband@hotmail.com
250,Knapps Underground,447 Main,,Bennington,VT,05201,447 Main Bennington VT,42.878228,-73.1956968,http://www.myspace.com/oldknapps,,
251,Knight Point State Park,44 Knights Point Rd,,North Hero,VT,05474,44 Knights Point Rd North Hero VT,44.771705,-73.294597,http://www.vtstateparks.com/htm/knightpoint.htm,,
252,Kwiniaska Golf Club,5531 Spear St,,Shelburne,VT,05482,5531 Spear St Shelburne VT,44.394405,-73.200584,http://www.kwiniaska.com,(802) 985-9595,
253,La Quinta Inn & Suites,813 Fairfax Rd,,St. Albans,VT,05481,813 Fairfax Rd St. Albans VT,44.793755,-73.072754,http://www.lq.com/lq/properties/propertyProfile.do?ident=LQ2037&propId=2037,(802) 524-3300,
254,Lady Pearls Inn and Lodgng,1724 E Main St,,Newport,VT,05855,1724 E Main St Newport VT,44.947502,-72.171555,http://northwoodscenter.org/accommodations.html,(802) 334-6748,
255,Lake Champlain Cruises,1 King St,,Burlington,VT,05401,1 King St Burlington VT,44.474869,-73.220031,http://www.lakechamplaincruises.com/,(802) 864-9669,
256,Lake Morey Resort,1 Clubhouse Rd,,Fairlee,VT,05045,1 Clubhouse Rd Fairlee VT,43.9101128,-72.1527103,http://www.lakemoreyresort.com/History.html,,
257,Lamoille Area Recreational Center,704 Bridge St,,Morrisville,VT,05661,704 Bridge St Morrisville VT,44.567562,-72.609515,http://www.americantowns.com/vt/morrisville/organization/lamoille_area_recreational_center,,
258,Langdon St. Cafe,4 Langdon St,,Montpelier,VT,05602,4 Langdon St Montpelier VT,44.260949,-72.5763408,,,booking@langdonstreetcafe.com
259,Leunig's Bistro,115 Church St,,Burlington,VT,05401,115 Church St Burlington VT,44.477213,-73.2127579,,(802) 863-3759,
260,Lincoln Inn Lounge,4 Park St,,Essex Junction,VT,05452,4 Park St Essex Junction VT,44.490038,-73.111088,http://www.lincolninn.net,(802) 878-3309,marketing@lincolninn.net
261,Links At Lang Farm,51 Upper Main St,,Essex Junction,VT,05452,51 Upper Main St Essex Junction VT,44.504886,-73.088502,http://www.linksatlangfarm.com/,(802) 878-0298,
262,Liquid Lounge/Liquid Energy,57 Church St,,Burlington,VT,05401,57 Church St Burlington VT,44.4786736,-73.2128771,,(802) 860-7666,
263,Local Folks Smokehouse,101 VT Rt 17,,Waitsfield,VT,05673,101 VT Rt 17 Waitsfield VT,44.1810104,-72.8415204,,(802) 496-2562,
264,Lookout Bar & Grill,2190 Killington Rd,,Killington,VT,05751,2190 Killington Rd Killington VT,43.6418758,-72.788407,http://www.lookoutvt.com/,(802) 422-5665,
265,Lost Nation Theater/Montpelier City Hall Arts Center,39 Main St,,Montpelier,VT,05602,39 Main St Montpelier VT,44.259238,-72.575539,http://www.lostnationtheater.org,(802) 229-0492,info@lostnationtheater.org
266,Lyndon State College,1001 College Rd,,Lyndonville,VT,05851,1001 College Rd Lyndonville VT,44.5355567,-72.025198,,(802) 626-6413,
267,Mad Mountain Tavern,9 Route 100 and 17,,Waitsfield,VT,05673,9 Route 100 and 17 Waitsfield VT,44.1814268,-72.8400123,http://www.madmountain.com,(802) 496-2562,
268,Mad River Glen,62 Mad River Resort Rd,,Waitsfield,VT,05673,62 Mad River Resort Rd Waitsfield VT,44.2023007,-72.9178565,http://www.madriverglen.com/,(802) 496-3551,
269,Mad River Inn,243 Tremblay Rd,,Waitsfield,VT,05673,243 Tremblay Rd Waitsfield VT,44.203953,-72.80407,http://www.madriverinn.com/,(802) 496-7900,
270,Mad River Unplugged at Valley Players Theater,Route 100,,Waitsfield,VT,05673,Route 100 Waitsfield VT,44.1932432,-72.8213505,,(802) 496-8910,
271,Maglianero,47 Maple St,,Burlington,VT,05401,47 Maple St Burlington VT,44.473253,-73.217989,http://blog.maglianero.com/,(802) 861-3155,francesca.orsini19@gmail.com
272,Main Street Grill & Bar,118 Main St,,Montpelier,VT,05602,118 Main St Montpelier VT,44.260935,-72.574978,http://www.necidining.com/main-street-grill,(802) 223-3188,
273,Manhattan Pizza,167 Main St,,Burlington,VT,05401,167 Main St Burlington VT,44.475824,-73.212628,http://www.manhattanpizzaandpubvt.com/,(802) 658-6776,
274,Mannsview Inn,916 Vt Route 108 S,,Jeffersonville,VT,05464,916 Vt Route 108 S Jeffersonville VT,44.625766,-72.82973,http://www.innsite.com/inns/A003804.html,,
275,Maple Grove Dining Room and Cottages,1246 Franklin St,,Brandon,VT,05733,1246 Franklin St Brandon VT,43.78701,-73.069901,,(802) 247-6644,info@cozycottagesvermont.com
276,Maple Tree Place,28 Walnut St,Suite 260,Williston,VT,05495,28 Walnut St Williston VT,44.445164,-73.109501,http://www.shopmtp.com,(877) 646-5263,
277,Maplecroft Bed & Breakfast,70 Washington St,,Barre,VT,05641,70 Washington St Barre VT,44.195576,-72.498123,http://www.maplecroftvermont.com/,(802) 477-5050,innkeeper@maplecroftvermont.com
278,Marble Island Resort,1223 Marble Island Rd,,Colchester,VT,05446,1223 Marble Island Rd Colchester VT,44.568302,-73.235756,http://www.thegolfcourses.net/golfcourses/VT/6135.htm,(802) 864-6800,
279,Marble West Inn,1841 Dorset West Rd,,Dorset,VT,05251,1841 Dorset West Rd Dorset VT,43.236252,-73.098091,http://www.marblewestinn.com/,(802) 867-4155,
280,Matterhorn,4969 Mountain Rd,,Stowe,VT,05672,4969 Mountain Rd Stowe VT,44.5019361,-72.7557537,http://www.matterhornbar.com,(802) 253-8198,horn@stowevt.net
281,Maxwell's,Mountain Rd,,Stowe,VT,05672,Mountain Rd Stowe VT,44.4990935,-72.7447103,,(802) 253-8585,
282,McGrath's Pub at the Inn at Long Trail,709 Route 4,,Killington,VT,05751,709 Route 4 Killington VT,43.664017,-72.833054,http://www.innatlongtrail.com/Home.html,(802) 325-2540,info@innatlongtrail.com
283,Mckee's Pub,19 East Allen St,,Winooski,VT,05404,19 East Allen St Winooski VT,44.49153,-73.185717,,(802) 655-0048,
284,Meadowlark Inn Bed And Breakfast,13 Gipson Rd,,Brattleboro,VT,05301,13 Gipson Rd Brattleboro VT,42.8688886,-72.5943599,http://www.meadowlarkinnvt.com/,(802) 257-4582,innkeeper@meadowlarkinnvt.com
285,Memorial Auditorium,250 Main St,,Burlington,VT,05401,250 Main St Burlington VT,44.476356,-73.209413,http://www.enjoyburlington.com/Programs/MemorialAuditoriumEvents.cfm,(802) 864-6044,
286,Memorial Hall,Gar Rd,,Calais,VT,05650,Gar Rd Calais VT,44.392173,-72.4462891,,(802) 456-7473,
287,Mendon Mountainview Lodge,5654 US Route 4,,Rutland,VT,05701,5654 US Route 4 Rutland VT,43.6389823,-72.7670696,,(802) 773-4311,
288,Michael's on the Hill,4182 Waterbury Stowe Rd,,Waterbury Center,VT,05677,4182 Waterbury Stowe Rd Waterbury Center VT,44.389839,-72.718437,http://michaelsonthehill.com,(802) 244-7476,mail@michaelsonthehill.com
289,Middle Earth Music Hall,153 S Main St,,Bradford,VT,05033,153 S Main St Bradford VT,43.9943423,-72.1283925,,(802) 222-4748,
290,Middlebury College Center for the Arts,Route 30 South,,Middlebury,VT,05753,Route 30 South Middlebury VT,43.9656133,-73.2078202,http://www.middlebury.edu/arts,(802) 443-MIDD,cfa@middlebury.edu
291,Millbrook Inn & Restaurant,533 Mill Brook Rd,,Waitsfield,VT,05673,533 Mill Brook Rd Waitsfield VT,44.183164,-72.8531473,http://www.millbrookinn.com/,,
292,Millstone Hill,59 Little John Rd,,Websterville,VT,05678,59 Little John Rd Websterville VT,44.1575208,-72.4654278,http://www.millstonehill.com/,(802) 479-1000,
293,Mole's Eye Cafe,4 High St,,Brattleboro,VT,05301,4 High St Brattleboro VT,42.8531309,-72.5586352,http://www.facebook.com/pages/The-Moles-Eye-Cafe/116410551746702,(802) 257-0771,
294,Monopole,7 Protection Ave,,Plattsburgh,NY,12901,7 Protection Ave Plattsburgh NY,44.697548,-73.453413,,(518) 563-2222,
295,Montpelier Elks Country Club,1 Country Club Rd,,Montpelier,VT,05602,1 Country Club Rd Montpelier VT,44.244506,-72.5462389,http://www.thegolfcourses.net/golfcourses/VT/6149.htm,(802) 223-7457,
296,Montshire Museum Of Science,1 Montshire Rd,,Norwich,VT,05055,1 Montshire Rd Norwich VT,43.7003295,-72.3052159,http://www.montshire.org/,(802) 649-2200,
297,Monty's Old Brick Tavern,7921 Williston Rd,,Williston,VT,05495,7921 Williston Rd Williston VT,44.438766,-73.072281,http://www.montysoldbricktavern.com,(802) 316-4262,
298,Moonlight Inn Vermont Bed & Breakfast,801 Center St,,Lyndonville,VT,05851,801 Center St Lyndonville VT,44.5504937,-72.0224918,http://moonlightinnvermont.com,(802) 626-0780,info@moonlightinnvermont.com
299,Mount Pleasant Sugarworks,1627 Shackett Rd,,Leicester,VT,05733,1627 Shackett Rd Leicester VT,43.890675,-73.096321,http://www.mountpleasantmaple.com/sugarworks.html,(802) 247-3117,info@mountpleasantmaple.com
300,Mountain Green Ski & Golf Resort,133 East Mountain Rd,,Killington,VT,05751,133 East Mountain Rd Killington VT,43.629536,-72.795654,http://www.mtgreen.com/,(802) 422.3000,
301,Mountain Meadows Lodge,285 Thundering Brook Rd,,Killington,VT,05751,285 Thundering Brook Rd Killington VT,43.671669,-72.7985,http://www.mountainmeadowslodge.com/,(802) 775-1010,
302,Mountain Valley Farm,1719 Common Rd,,Waitsfield,VT,05673,1719 Common Rd Waitsfield VT,44.167912,-72.802116,http://www.mountainvalleyfarm.com/,(802) 496-9255,
303,Mountain View Campground,3154 Vt Route 15 E,,Stowe,VT,05661,3154 Vt Route 15 E Stowe VT,44.4752778,-72.7022222,http://www.mountainviewcamping.com/,,
304,Mountain View Inn,1912 Millbrook Rd,,Waitsfield,VT,05673,1912 Millbrook Rd Waitsfield VT,44.186954,-72.878311,http://www.vtmountainviewinn.com/,(802) 496-2426,
305,Mr. Mikes,206 Main St,,Burlington,VT,05401,206 Main St Burlington VT,44.476183,-73.211257,http://www.mrmikespizza.com,(802) 864-0072,
306,Mt. Anthony Country Club,180 Country Club Dr,,Bennington,VT,05201,180 Country Club Dr Bennington VT,42.891655,-73.208168,http://www.mtanthonycc.com/,(802) 442-2617,
307,Muddy Waters,184 Main St,,Burlington,VT,05401,184 Main St Burlington VT,44.476161,-73.211853,,(802) 658-0466,
308,Music Box,147 Creek Rd,,Craftsbury,VT,05826,147 Creek Rd Craftsbury VT,44.638298,-72.372734,,(802) 586-7533,Jenniferrabbit@hotmail.com
309,Music Club,110 Business Center Rd,,Williamstown,VT,05679,110 Business Center Rd Williamstown VT,44.1217292,-72.5414937,,(802) 443-6106,
310,Naked Turtle,1 Dock St,,Plattsburgh,NY,12901,1 Dock St Plattsburgh NY,44.6964115,-73.4460668,,(518) 566-6200,
311,Nectar's,188 Main St,,Burlington,VT,05401,188 Main St Burlington VT,44.47606,-73.2117,http://www.liveatnectars.com,(802) 658-4771,damonbrink@liveatnectars.com
312,New England Maple Museum,4578 U.S. 7,,Pittsford,VT,05763,4578 U.S. 7 Pittsford VT,43.7140993,-73.0373133,http://www.maplemuseum.com,(802) 483-9414,
313,Newport City Motel,444 East Main St,,Newport,VT,05855,444 East Main St Newport VT,44.942917,-72.19487,http://www.vermonter.com/ncm/,,
314,North Hero House,3643 US Rural Route 2,,North Hero Village,VT,05474,3643 US Rural Route 2 North Hero Village VT,44.8311432,-73.273505,http://www.northherohouse.com/,(802) 372-4732,nhhlake@aol.com
315,North Hero State Park,3803 Lakeview Dr,,North Hero,VT,05474,3803 Lakeview Dr North Hero VT,44.908997,-73.2367019,http://www.vtstateparks.com/htm/northhero.htm,(802) 372-8727,
316,North Star Lodge,78 Weathervane Dr,,Killington,VT,05751,78 Weathervane Dr Killington VT,43.656895,-72.788048,http://www.northstarinn.com/,(802) 422.4040,
317,Norwich B n' B,229 Bradley Hill Rd,,Norwich,VT,05055,229 Bradley Hill Rd Norwich VT,43.753845,-72.295753,http://www.norwichbnb.com/,(802) 649-3800,
318,Norwich Gardens,80 US Route 5 S,,Norwich,VT,05055,80 US Route 5 S Norwich VT,43.70499,-72.31044,http://www.norwichgardens.com/,,
319,Norwich Inn,325 Main St,,Norwich,VT,05055,325 Main St Norwich VT,43.7151179,-72.308907,http://www.norwichinn.com/,(802) 649-1143,
320,Nova Mae Cafe,512 Main St,,Bennington,VT,05201,512 Main St Bennington VT,42.8782349,-73.193962,http://novamaecafe.wordpress.com/,(802) 447-9790,
321,Nye's Green Valley Farm Bed And Breakfast,8976 Vt Route 15,,Jeffersonville,VT,05464,8976 Vt Route 15 Jeffersonville VT,44.6576428,-72.7701382,http://www.nyesgreenvalleyfarm.com/,(802) 644-1984,nyesgvf@yahoo.com
322,Odd Fellows Temple,1416 North Ave,,Burlington,VT,05408,1416 North Ave Burlington VT,44.5128402,-73.2525301,,(802) 363-7075,
323,Okemo Mountain Resort,77 Okemo Ridge Rd,,Ludlow,VT,05149,77 Okemo Ridge Rd Ludlow VT,43.40161,-72.716386,,(802) 228-4041,
324,Old Mill River Place Bed and Breakfast,68 Fairfield St,,St. Albans,VT,05478,68 Fairfield St St. Albans VT,44.8088679,-73.0790948,http://www.lakechamplain.worldweb.com/St.AlbansVT/WheretoStay/BedBreakfasts/,(802) 527-5116,
325,Old Town Farm Inn,665 Vt Route 10,,Chester,VT,05143,665 Vt Route 10 Chester VT,43.3272537,-72.5935574,http://www.otfi.com/,,
326,Olde Northender Pub,23 North St,,Burlington,VT,05401,23 North St Burlington VT,44.484403,-73.221366,,(802) 864-9888,
327,On The Rise Bakery,39 Esplanade,,Richmond,VT,05477,39 Esplanade Richmond VT,44.402622,-72.9967593,http://www.ontherisebakery.net,(802) 434-7787,booking@ontherisebakery.net
328,Opus,156 St Paul St,,Burlington,VT,05401,156 St Paul St Burlington VT,44.475218,-73.213634,http://www.opusgrill.com,(802) 651-4002,info@opusgrill.com
329,Orion Pub & Grill,Route 108,,Jeffersonville,VT,05464,Route 108 Jeffersonville VT,44.6152483,-72.8155018,,(802) 644-8884,
330,Otter Creek Tavern,35C Green Street,,Vergennes,VT,05491,35C Green Street Vergennes VT,44.167203,-73.25113,http://www.ottercktav.bigstep.com,(802) 877-3667,
331,Out of Bounds,148 State St,,Rutland,VT,0570,148 State St Rutland VT,43.6090026,-72.9842615,,(802) 773-7979,
332,Outback Pizza,2841 Killington Rd,,Killington,VT,05751,2841 Killington Rd Killington VT,43.636076,-72.793485,http://www.outbackpizza.com/,(802) 422-9885,
333,Overtime Saloon,38 S Main St ,,St. Albans,VT,05478,38 S Main St  St. Albans VT,44.809945,-73.083849,,(802) 849-2935,larivier@sover.net
334,Owl's Head Blueberry Farm,263 Blueberry Farm Rd,,Richmond,VT,05477,263 Blueberry Farm Rd Richmond VT,44.367828,-73.01432,http://www.owlsheadfarm.com/,(802) 434-3387,contactus@owlsheadfarm.com
335,Pacific Rim,161 Church St,,Burlington,VT,05401,161 Church St Burlington VT,44.475649,-73.212681,,(802) 881-0643,
336,Paradise Inn,141 Main St,,Bennington,VT,05201,141 Main St Bennington VT,42.880836,-73.204628,http://www.vermontparadiseinn.com/,(802) 442-8351,
337,Paramount Theater,30 Center St,,Rutland,VT,05701,30 Center St Rutland VT,43.606379,-72.9787413,http://www.paramountvt.org/,(802) 775-0570,alice@paramountvt.org
338,Parker House Inn and Restaurant,1792 Quechee Main St,,Quechee,VT,05059,1792 Quechee Main St Quechee VT,43.6463737,-72.4197163,http://www.theparkerhouseinn.com,(802)  295-6077,
339,Paynter's,476 Us Route 7 S,,Rutland,VT,05701,476 Us Route 7 S Rutland VT,43.601896,-72.9710525,http://www.hivermont.com/,(802) 775-1911,info@hivermont.com
340,Pentangle Arts Council,31 The Green,,Woodstock,VT,05091,31 The Green Woodstock VT,43.6231988,-72.5217124,http://www.pentanglearts.org/,(802) 457-3981,
341,Peter Havens Restaurant,32 Elliot St,,Brattleboro,VT,05301,32 Elliot St Brattleboro VT,42.8519438,-72.5586544,http://www.frommers.com/destinations/brattleboro/D47291.html,(802) 257-3333,
342,Phat Kats,33  Depot St,,Lyndonville,VT,05851,33  Depot St Lyndonville VT,44.5347281,-72.0032141,http://www.myspace.com/phatkatstavern,(802) 626-3064,
343,Phoenix Bar at Sugarbush Village,1840 Sugarbush Access Rd,,Warren,VT,05674,1840 Sugarbush Access Rd Warren VT,44.145608,-72.879305,,(802) 583-1024,
344,Pickle Barrel Nightclub,1741 Killington Rd,,Killington,VT,05751,1741 Killington Rd Killington VT,43.648178,-72.7883,http://www.picklebarrelnightclub.com/,(802) 422-3035,
345,Pico Mountain Resort,4763 Killington Rd,,Killington,VT,05751,4763 Killington Rd Killington VT,43.619801,-72.80271,http://www.picomountain.com,(866) 667-PICO,
346,Pierre Motel,362 North Main St,,Barre,VT,05641,362 North Main St Barre VT,44.202076,-72.507553,http://www.central-vt.com/web/pierre/,(802) 476-3188,petegray@aol.com
347,Plainfield Town Hall,149 Main St,,Plainfield,VT,05667,149 Main St Plainfield VT,44.277842,-72.422832,,,
348,Positive Pie,22 State St,,Montpelier,VT,05602,22 State St Montpelier VT,44.260281,-72.576273,http://www.positivepie.com/,(802) 229-0453,
349,Purple Moon Pub,6163 Vermont 100,,Waitsfield,VT,05673,6163 Vermont 100 Waitsfield VT,44.1714333,-72.832193,http://www.purplemoonpub.com,(802) 496-3422,info@purplemoonpub.com
350,Putney Inn,57 Putney Landing Rd,,Putney,VT,05346,57 Putney Landing Rd Putney VT,42.963977,-72.519266,http://www.putneyinn.com/,(800) 653-5517,info@putneyinn.com
351,Quality Inn,84 South Park Dr,,Colchester,VT,05446,84 South Park Dr Colchester VT,44.503518,-73.179701,http://www.qualityinn.com,(802) 655-1400,
352,Quechee Inn at Marshland Farm,1119 Quechee Main St,,Quechee,VT,05059,1119 Quechee Main St Quechee VT,43.648696,-72.40739,,(802) 295-3133,
353,Radio Goddard,123 Pitkin Rd,,Plainfield,VT,05667,123 Pitkin Rd Plainfield VT,44.2842289,-72.4403111,http://www.wgdr.org/,,
354,Radisson Hotel,60 Battery St,,Burlington,VT,05401,60 Battery St Burlington VT,44.478205,-73.218406,http://www.radisson.com,(802) 658-6500,jbalgoi@windham.com
355,Ramada Hotel and Conference Center,1380 Putney Rd,,Brattleboro,VT,05301,1380 Putney Rd Brattleboro VT,42.8924,-72.5521179,http://www.agoda.com/north_america/united_states/brattleboro_vt/ramada_hotel_and_conference_center.html,,
356,Ramada Limited Rutland,253 South Main St,,Rutland,VT,05701,253 South Main St Rutland VT,43.590883,-72.969873,http://www.ramada.com,(802) 773-3361,
357,Randolph Area Chamber of Commerce,PO Box 9,,Randolph,VT,05060,PO Box 9 Randolph VT,43.9247446,-72.6656948,http://www.randolph-chamber.com/,(802) 728-9027,contact@randolph-chamber.com
358,Ranney-Crawford Bed & Breakfast,1097 Westminster West Rd,,Putney,VT,05346,1097 Westminster West Rd Putney VT,43.0417665,-72.5516307,http://www.ranney-crawfoRdcom/,(802) 387-4150,
359,Rasputins,163 Church St,,Burlington,VT,05401,163 Church St Burlington VT,44.475606,-73.212677,,(802) 864-9324,
360,Red Square,136 Church St,,Burlington,VT,05401,136 Church St Burlington VT,44.476564,-73.212306,,(802) 859-8909,baroge@gmail.com
361,Redmoon Saloon,118 Post St,,Rutland,VT,05701,118 Post St Rutland VT,43.602192,-72.977371,http://www.myspace.com/redmoonsaloonvt,(802) 773-0206,
362,Rhapsody Cafe,28 Main St,,Montpelier,VT,05602,28 Main St Montpelier VT,44.2590965,-72.5765248,,(802) 229-6112,
363,Rhythm & Brews Coffeehouse,UVM,,Burlington,VT,05401,UVM Burlington VT,44.4778528,-73.1964637,,(802) 656-4211,
364,Ri Ra,123 Church St,,Burlington,VT,05401,123 Church St Burlington VT,44.476857,-73.212812,http://www.rira.com,(802) 860-9401,
365,Ricker Pond State Park,526 State Forest Rd,,Groton,VT,05046,526 State Forest Rd Groton VT,44.301604,-72.3009943,http://www.vtstateparks.com/htm/ricker.htm,,
366,Rimrocks Tavern,394 Mountain Rd,,Stowe,VT,05672,394 Mountain Rd Stowe VT,44.470852,-72.686562,,(802) 253-9593,
367,Ripton Community Coffeehouse,Route 125,,Ripton,VT,05766,Route 125 Ripton VT,43.9584196,-73.0108224,http://www.sover.net/~folkfood/rcch.htm,(802) 388-9782,folkfood@sover.net
368,Ripton Community House,1305 Vermont 125,,Ripton,VT,05766,1305 Vermont 125 Ripton VT,43.974566,-73.0380331,http://rcch.org/,,
369,River Arts Center,74 Pleasant St,,Morrisville,VT,05661,74 Pleasant St Morrisville VT,44.56284,-72.597115,http://riverartsvt.org/,,
370,Riverwalk Records,10 State St,,Montpelier,VT,05602,10 State St Montpelier VT,44.260214,-72.5759878,http://www.riverwalkrecords.com/,(802) 223-3334,
371,Roadside Tavern,216 Rt 7 South,,Milton,VT,05468,216 Rt 7 South Milton VT,44.622922,-73.119403,http://www.roadsidetavernvt.com,(802) 891-6362,
372,Roaring Branch,P.O. Box 8,,Arlington,VT,05250,P.O. Box 8 Arlington VT,43.0747858,-73.1539734,http://www.roaringbranch.com/,(802) 375-6401,rblogcab@sover.net
373,Rock Art Brewery,254 Wilkins St,,Morrisville,VT,05661,254 Wilkins St Morrisville VT,44.569263,-72.603439,http://www.rockartbrewery.com/,,
374,Rosebelle's Victorian Inn,31 Franklin St,,Brandon,VT,05733,31 Franklin St Brandon VT,43.796173,-73.082794,http://www.rosebelles.com/,(802) 247-0098,innkeeper@rosebelles.com
375,Rotary Park,170 South Main St,,Rutland,VT,05701,170 South Main St Rutland VT,43.5967488,-72.9689652,,,
376,Rowell's Inn Bed & Breakfast,1834 Simonsville Rd,,Chester,VT,05143,1834 Simonsville Rd Chester VT,43.2579,-72.716469,http://www.rowellsinn.com/,,
377,Rozzi's Lakeshore Tavern,Lakeshore Dr,,Colchester,VT,05446,Lakeshore Dr Colchester VT,44.551006,-73.2315664,,(802) 863-2342,
378,Ruben James,159 Main St,,Burlington,VT,05401,159 Main St Burlington VT,44.4757869,-73.212878,,(802) 864-0744,
379,Rusty Nail Bar & Grille,1190 Mountain Rd,,Stowe,VT,05672,1190 Mountain Rd Stowe VT,44.475095,-72.702507,http://www.rustynailbar.com,(802) 253-6245,ken@rustynailbar.com
380,Rutland Country Club,PO Box 195,,Rutland,VT,05702,PO Box 195 Rutland VT,43.6106237,-72.9726065,http://www.rutlandcountryclub.com/,(802) 773-7061,
381,Ryebrook Tavern,782 Harwood Hill Rd,,Bennington,VT,05201,782 Harwood Hill Rd Bennington VT,42.9121669,-73.2116999,http://www.therybrooktavern.com/,(802) 442-7500,
382,Saint Michael's College,1 Winooski Park,,Colchester,VT,05439,1 Winooski Park Colchester VT,44.494,-73.1681068,http://www.smcvt.edu/,(802) 654-2000,
383,Sam's Charlmont Restaurant,116 Vt Route 15 W,,Morrisville,VT,05661,116 Vt Route 15 W Morrisville VT,44.576954,-72.59407,http://www.sunsetmotorinn.com/,(802) 888-4242,
384,Sami's Harmony Pub,216 Route 7,,Milton,VT,05468,216 Route 7 Milton VT,44.622922,-73.119403,,(802) 893-7267,
385,Sampler House Bed & Breakfast,22 Main St,,Milton,VT,05468,22 Main St Milton VT,44.63987,-73.110659,http://www.samplerhouse.com/,(802) 893-2724,
386,Samuel Safford Inne,722 Vt Route 9,,Bennington,VT,05201,722 Vt Route 9 Bennington VT,42.8789668,-73.1859399,http://www.samuelsaffordinne.com/,(802) 442-5934,samuelsaffordinne@myfairpoint.net
387,Sand Bar State Park,1215 U S Route 2,,Milton,VT,05468,1215 U S Route 2 Milton VT,47.3714513,-94.4791772,http://www.vtstateparks.com/htm/sandbar.htm,(802) 893-2825,
388,Santa's Land,Route 5,,Putney,VT,05346,Route 5 Putney VT,42.9924993,-72.4984254,http://www.vermontvacation.com/travelPlanner/ItemDetail.aspx?outsideLink=false&spID=16613,(800) 726-8299,santa@santasland.com
389,Second Floor Nightclub,165 Church St,,Burlington,VT,05401,165 Church St Burlington VT,44.4755589,-73.212667,http://www.myspace.com/secondfloorvt,,
390,Seyon Lodge State Park,2967 Seyon Pond Rd,,Groton,VT,05046,2967 Seyon Pond Rd Groton VT,44.227124,-72.303771,,,
391,SF Edge of Essex 1,4 Morse Dr,,Essex Junction,VT,05452,4 Morse Dr Essex Junction VT,44.509912,-73.135915,http://www.sfedge.com/,(802) 879-7734,
392,Sha-Booms,45 Lake St,,St. Albans,VT,05478,45 Lake St St. Albans VT,44.811069,-73.085109,,(802) 524-9014,
393,Shelburne Farms,1611 Harbor Rd,,Shelburne,VT,05842,1611 Harbor Rd Shelburne VT,44.395607,-73.2472777,http://www.shelburnefarms.org/,(802) 985-8686,
394,Shelburne Museum,5555 Shelburne Rd,,Shelburne,VT,05482,5555 Shelburne Rd Shelburne VT,44.3768389,-73.228508,http://www.shelburnemuseum.org,(802) 985-3346,
395,Shore Acres,237 Shore Acres Dr,,North Hero,VT,05474,237 Shore Acres Dr North Hero VT,44.803375,-73.287788,http://www.shoreacres.com/,(802) 372-8722,
396,Sidelines Sports Bar,22 Center St,,Rutland,VT,05701,22 Center St Rutland VT,43.60649,-72.9790657,,(802) 773-4300,
397,Signal Kitchen Studios,71 Main St,,Burlington,VT,05401,71 Main St Burlington VT,44.475425,-73.216677,http://www.signalkitchen.com,(802) 399-2337,mike@signalkitchen.com
398,Silver Lake State Park,20 State Park Beach Rd,,Barnard,VT,05031,20 State Park Beach Rd Barnard VT,43.7313203,-72.6162368,http://www.vtstateparks.com/htm/silver.htm,(802) 234-9451,
399,Simon Pearce The Mill At Quechee,1760 Quechee Main St,,Quechee,VT,05059,1760 Quechee Main St Quechee VT,43.645966,-72.419342,http://www.simonpearce.com,(802) 295-2711,
400,Skunk Hollow Tavern,12 Brownsville Rd,,Hartland Four Corners,VT,05049,12 Brownsville Rd Hartland Four Corners VT,43.5457553,-72.4256725,http://www.skunkhollowtavern.com/,(802) 436-2139,skunkhollowtavern@msn.com
401,Slade Hall,420 So. Prospect St,,Burlington,VT,05401,420 So. Prospect St Burlington VT,44.468788,-73.199933,http://www.uvm.edu/campus/slade/slade.html,,
402,Smuggler's Notch Inn,55 Church St,,Jeffersonville,VT,05464,55 Church St Jeffersonville VT,44.643658,-72.830635,http://www.smuggsinn.com,(802) 644-6607,info@smuggsinn.com
403,Snow Barn (Mount Snow),Rt 100,,Wilmington,VT,05363,Rt 100 Wilmington VT,42.8761372,-72.8621105,http://www.mountsnow.com/snowbarn.html,,
404,Snow Shoe Lodge & Pub,13 Main St,,Montgomery,VT,05471,13 Main St Montgomery VT,44.8774972,-72.608204,http://snowshoelodgeandpubvt.com,(802) 326-4456,snowshoelodge@hotmail.com
405,Snowed Inn,104 Miller Brook Rd,,Killington,VT,05751,104 Miller Brook Rd Killington VT,43.644215,-72.790482,http://www.snowedinn.com/,(802) 422-3407,
406,South Street Cafe,105 South St,,Bennington,VT,05201,105 South St Bennington VT,42.8779363,-73.1971911,http://www.southstreetcafe.com/,(802) 447-2433,
407,Speaking Volumes,377 Pine St,,Burlington,VT,05401,377 Pine St Burlington VT,44.4689089,-73.215424,http://www.speakingvolumesvt.com,(802) 540-0107,anaii.ender@gmail.com
408,Squiddies,Rt. 242,,Jay,VT,05859,Rt. 242 Jay VT,44.9400151,-72.4616226,,(802) 988-4459,
409,Squire House Bed & Breakfast,3395 Dorset West Rd,,Dorset,VT,05251,3395 Dorset West Rd Dorset VT,43.255707,-73.11232,http://www.squirehouse.com/,,
410,St Peter's Mission Church,16 Elm St,,Lyndonville,VT,05851,16 Elm St Lyndonville VT,44.5340373,-72.0047332,,(802) 626-5705,
411,St. Ann's Church Hall,41 Main St,,Milton,VT,05468,41 Main St Milton VT,44.638945,-73.108256,,(802) 893-2487,
412,St. Barnabas's Epsicopal Church,262 Main St,,Norwich,VT,05055,262 Main St Norwich VT,43.712292,-72.307259,http://www.st-barnabas-vermont.org/,,
413,Starksboro Community Coffeehouse,Route 116,,Starksboro,VT,05487,Route 116 Starksboro VT,44.2332376,-73.0568846,,(802) 453-7996,cuyocuyos@juno.com
414,Starlight Lounge (Eclipse Theater),Rt. 100,PO Box 709,Waitsfield,VT,05673,Rt. 100 Waitsfield VT,44.1932432,-72.8213505,http://eclipsetheater.com,(802) 496-7787,seedsofsong@hotmail.com
415,Stella Notte Restaurant Bistro,VT Route 108,,Jeffersonville,VT,05464,VT Route 108 Jeffersonville VT,44.6152483,-72.8155018,,(802) 644-8884,
416,Stepping Stone Spa And Wellness Center,1545 Darling Hill Rd,,Lyndonville,VT,05851,1545 Darling Hill Rd Lyndonville VT,44.5655549,-71.972695,http://www.steppingstonespa.com/,(866) 626-3104,
417,Sterling College,16 Sterling Dr,,Craftsbury Common,VT,05827,16 Sterling Dr Craftsbury Common VT,44.6522263,-72.3827567,http://www.sterlingcollege.edu/,(802) 586-7711,
418,Sterling Meadows Farm,33 Woods Edge Rd,,Montpelier,VT,05602,33 Woods Edge Rd Montpelier VT,44.2600593,-72.5753869,http://www.websterbarn.com/,,
419,Sterling Ridge Resort,155 Sterling Ridge Dr,,Jeffersonville,VT,05464,155 Sterling Ridge Dr Jeffersonville VT,44.636301,-72.809824,http://www.sterlingridgeresort.com/log_cabins.htm,(800) 347-8266,info@sterlingridgeresort.com
420,Stillwater State Park,44 Stillwater Rd,,Groton,VT,05046,44 Stillwater Rd Groton VT,44.2798887,-72.2742965,http://www.vtstateparks.com/htm/stillwater.htm,,
421,Stone Cottage Collectable Bed & Breakfast,196 North St,,Chester,VT,05143,196 North St Chester VT,43.274807,-72.591583,http://www.stonecottagebb.com/,,
422,Stowe Meadows,3233 Elmore Mountain Rd,,Elmore,VT,05661,3233 Elmore Mountain Rd Elmore VT,44.502348,-72.555904,http://www.stowemeadows.com/,(802) 888-0002,
423,Stoweflake Mountain Resort and Spa,1746 Mountain Rd,PO Box 369,Stowe,VT,05672,1746 Mountain Rd Stowe VT,44.4741928,-72.7118583,http://www.stoweflake.com/index.aspx,(802) 253-7355,info@stoweflake.com
424,Stowehof Inn & Resort,434 Edson Hill Rd,,Stowe,VT,05672,434 Edson Hill Rd Stowe VT,44.494583,-72.72583,http://www.stowehofinn.com,(800) 932-7136,
425,Strong House Inn,94 W Main St,,Vergennes,VT,05491,94 W Main St Vergennes VT,44.161263,-73.261185,http://www.stronghouseinn.com/,(802) 877-3337,
426,Sue Z Cues Bar,108 School St,,Bennington,VT,05201,108 School St Bennington VT,42.878876,-73.195137,,(802) 447-8558,
427,Sugarbush Resort,1840 Sugarbush Access Rd,,Warren,VT,05674,1840 Sugarbush Access Rd Warren VT,44.145608,-72.879305,http://www.sugarbush.com/,(800) 537-8427,
428,Super 8 Burlington,2572 Shelburne Rd,,Shelburne,VT,05482,2572 Shelburne Rd Shelburne VT,44.418152,-73.213165,http://www.super8vt.com,(802) 985-8037,
429,Swany's Tavern,215 Main St,,Vergennes,VT,05491,215 Main St Vergennes VT,44.1674276,-73.2524939,,(802) 877-3667,
430,Sweetwaters,118 Church St,,Burlington,VT,05401,118 Church St Burlington VT,44.476974,-73.212339,http://www.sweetwatersbistro.com,(802) 864-9800,rcatlan@steakseafood.com
431,Swift House Inn,25 Stewart Lane,,Middlebury,VT,05753,25 Stewart Lane Middlebury VT,44.0184209,-73.1652299,http://www.swifthouseinn.com/,(802) 388-9925,
432,T-Bird Motor Inn,4405 Shelburne Rd,,Shelburne,VT,05482,4405 Shelburne Rd Shelburne VT,44.392166,-73.220726,http://www.tbirdmotorinn.com,(802) 985-3663,
433,Tamarack Grill,223 Sherburne Lodge Rd,,East Burke,VT,05832,223 Sherburne Lodge Rd East Burke VT,44.5878859,-71.9161441,http://www.skiburke.com/tamarackgrill/,(802) 626-7390,
434,Tapas Restaurant & Tavern,128 Merchants Row,,Rutland,VT,05701,128 Merchants Row Rutland VT,43.6058367,-72.9789852,http://tapasrutland.com/,(802) 775-1550,
435,Tavern at the Inn at Essex,70 Essex Way,,Essex Junction,VT,05452,70 Essex Way Essex Junction VT,44.501583,-73.078732,http://www.innatessex.com,(802) 878-1100,jiml@innatessex.com
436,The Alerin Barn,1838 Spaulding Rd,,St. Johnsbury,VT,05819,1838 Spaulding Rd St. Johnsbury VT,44.453941,-71.971413,http://www.thealerinbarn.com/,(802) 748-3417,
437,The Andrie Rose Inn,13 Pleasant St,,Ludlow,VT,05149,13 Pleasant St Ludlow VT,43.3949142,-72.7015343,,(802) 228-4846,
438,The Arlington Inn,3904 Vt Route 7A,,Arlington,VT,05250,3904 Vt Route 7A Arlington VT,43.074736,-73.153471,http://www.arlingtoninn.com/,(800) 375-6532,
439,The Artist's Loft Bed & Breakfast,103 Main St,,Brattleboro,VT,05301,103 Main St Brattleboro VT,42.8523117,-72.5578185,http://www.theartistsloft.com/,(802) 257-5181,
440,The Bakery,294 North Winooski Ave.,,Burlington,VT,05401,294 North Winooski Ave. Burlington VT,44.4874658,-73.2081215,,,
441,The Barn At Lang Farm,51 Upper Main St,,Essex Junction,VT,05452,51 Upper Main St Essex Junction VT,44.504886,-73.088502,http://www.langbarn.com/,,
442,The Bayside Pavillion,Lake Rd,,St. Albans,VT,05478,Lake Rd St. Albans VT,44.811741,-73.125931,,(802) 527-4730,
443,The Bed & Breakfast At Middlesex College,677 Center Rd,,Montpelier,VT,05602,677 Center Rd Montpelier VT,44.323555,-72.648788,http://www.central-vt.com/web/middlebb/,,
444,The Birdcage Bed & Breakfast Inn,224 Wheeler Rd,,Brandon,VT,05733,224 Wheeler Rd Brandon VT,43.80592,-73.081947,http://www.birdcagevermont.com/english/index.php,(802) 247-4634,inn@birdcagevermont.com
445,The Bundy Center For The Arts,361 Bundy Rd,,Waitsfield,VT,05673,361 Bundy Rd Waitsfield VT,44.148746,-72.833008,http://www.eventective.com/USA/Vermont/Waitsfield/75953/The-Bundy-Center-For-The-Arts.html,,
446,The Cascades Lodge and Restaurant,58 Old Mill Rd,,Killington,VT,05751,58 Old Mill Rd Killington VT,43.630374,-72.79582,http://www.cascadeslodge.com/,(800) 345-0113,
447,The Catamount Arts Building,115 Eastern Ave.,,St. Johnsbury,VT,05819,115 Eastern Ave. St. Johnsbury VT,44.418228,-72.018234,http://www.catamountarts.org/,(802) 748-2600,
448,The Charlmont Restaurant,116 VT RT 15W,,Morrisville,VT,05661,116 VT RT 15W Morrisville VT,44.576954,-72.59407,http://www.sunsetmotorinn.com/,(802) 888-4242,
449,The Chester House,266 Main St,,Chester,VT,05143,266 Main St Chester VT,43.2651139,-72.599464,http://www.chesterhouseinn.com/,(802) 875-2205,
450,The Colonel's Cabin,940 Route 5,,Dummerston,VT,05301,940 Route 5 Dummerston VT,42.919991,-72.536949,http://www.colonelscabin.com/wordpress/,(802) 254-8884,colonelscabin@inbox.com
451,The Dairy Center,2445 Sampsonville Rd,,Enosburg Falls,VT,05450,2445 Sampsonville Rd Enosburg Falls VT,44.921253,-72.7507399,,(802) 933-2030,
452,The Deming House,3929 Route 7A,,Arlington,VT,05250,3929 Route 7A Arlington VT,43.0843639,-73.1442387,http://www.thedeminghouse.com/,(802) 375-9700,webmaster@thedeminghouse.com
453,The Den,7412 Mountain Rd,,Stowe,VT,05672,7412 Mountain Rd Stowe VT,44.530061,-72.7829319,http://www.facebook.com/pages/The-Den/129777150414840,,
454,The Dorset Inn,8 Church St On the Green,,Dorset,VT,05251,8 Church St On the Green Dorset VT,43.7032614,-79.5251402,http://www.dorsetinn.com/,(802) 867-5500,
455,The Down Under Bar - at The Silo,Route 100,,Mount Snow,VT,05356,Route 100 Mount Snow VT,42.9589685,-72.9237112,http://www.thesilomountsnow.com/,(802) 464-2553,silorestaurant@yahoo.com
456,The Dutch Mill,4385 Shelburne Rd,,Shelburne,VT,05482,4385 Shelburne Rd Shelburne VT,44.393356,-73.217636,http://www.dutchmillvt.com,(802) 985-3568,
457,The Exchange Coffee House & Bistro,Center St & Merchants Row,,Barre,VT,05641,Center St & Merchants Row Barre VT,44.1978189,-72.502973,,(802) 775-3337,
458,The Fairbanks Inn LLC,401 Western Ave,,St. Johnsbury,VT,05819,401 Western Ave St. Johnsbury VT,44.417553,-72.027222,http://www.stjay.com,(802) 748-5666,
459,The Fan House,P O Box 294,,Barnard,VT,05031,P O Box 294 Barnard VT,43.728679,-72.6189876,http://www.thefanhouse.com/,(802) 234-6704,swidness@aol.com
460,The Four Chimneys Inn,21 West Rd,,Bennington,VT,05201,21 West Rd Bennington VT,42.882931,-73.216934,http://www.fourchimneys.com/,(802) 447-3500,
461,The Garrison Lodge,2354 Mill Brook Rd,,Waitsfield,VT,05763,2354 Mill Brook Rd Waitsfield VT,44.1932092,-72.8888913,http://www.garrisoncondos.com/,,
462,The Gazebo Inn,25 Grove St,,Brandon,VT,05733,25 Grove St Brandon VT,43.801998,-73.0951,http://www.vermontgazeboinn.com/,,gazebo@sover.net
463,The Governor's House In Hyde Park,100 Main St,,Hyde Park,VT,05655,100 Main St Hyde Park VT,44.5937176,-72.6177649,,(802) 888-6888,info@onehundredmain.com
464,The Grange,State Highway 30,,Castleton,VT,05735,State Highway 30 Castleton VT,43.6645454,-73.1912696,,,
465,The Green Door Pub,Mountain Rd,,West Wardsboro,VT,05360,Mountain Rd West Wardsboro VT,43.0786366,-72.8765542,http://www.greendoorpub.com/,(802) 297-0171,
466,The Grey Bonnet Inn,831 Route 100,,Killington,VT,05751,831 Route 100 Killington VT,43.6788219,-72.811363,http://www.greybonnetinn.com/content/home/,(802) 775-2537,info@greybonnetinn.com
467,The Hollow Inn and Motel,278 South Main St,,Barre,VT,05641,278 South Main St Barre VT,44.181465,-72.5001769,http://www.hollowinn.com/,(802) 479-9313,thehollowinn@charter.net
468,The Hub Pizzeria and Pub,21 Lower Main St,,Johnson,VT,05656,21 Lower Main St Johnson VT,44.635227,-72.679726,http://www.thehubvt.com/,(802) 635-7626,contact@thehubvt.com
469,The Hulbert Outdoor Center,2968 Lake Morey Rd,,Fairlee,VT,05045,2968 Lake Morey Rd Fairlee VT,43.935776,-72.141037,http://www.alohafoundation.org/hulbert,,
470,The Indigo Lounge,Route 100,,Mount Snow,VT,05356,Route 100 Mount Snow VT,42.9589685,-72.9237112,,(802) 464-2500,
471,The Inn at Chelsea Farm,P O Box 127,,Barnard,VT,05031,P O Box 127 Barnard VT,43.728679,-72.6189876,http://www.innatchelseafarm.com/,(802) 234-9888,innkeeper@innatchelseafarm.com
472,The Inn at Lareau Farm,48 Lareau Rd,,Waitsfield,VT,05673,48 Lareau Rd Waitsfield VT,44.172559,-72.833919,http://www.lareaufarminn.com/,(802) 496-4949,
473,The Inn at Montpelier,147 Main St,,Montpelier,VT,05602,147 Main St Montpelier VT,44.262103,-72.572356,http://www.innatmontpelier.com/,(802) 223-2727,
474,The Inn at Rutland,70 North Main St,,Rutland,VT,05701,70 North Main St Rutland VT,43.613464,-72.9728389,http://www.innatrutland.com/,(802) 773-0575,
475,The Inn At The Mad River Barn,2849 Millbrook Rd,,Waitsfield,VT,05673,2849 Millbrook Rd Waitsfield VT,44.1959032,-72.8915191,http://www.madriverbarn.com/,(802) 496-3310,
476,The Inn At The Round Barn Farm,1661 East Warren Rd,,Waitsfield,VT,05673,1661 East Warren Rd Waitsfield VT,44.1677428,-72.8114782,http://www.theroundbarn.com/,,
477,The Inn at Weathersfield,1342 Rte. 106,,Perkinsville,VT,05151,1342 Rte. 106 Perkinsville VT,43.3616228,-72.5194632,http://www.weathersfieldinn.com/,(802) 263-9217,stay@weathersfieldinn.com
478,The Inn Of The Six Mountains,2617 Killington Rd,,Killington,VT,05751,2617 Killington Rd Killington VT,43.635929,-72.788909,http://www.sixmountains.com/,(802) 422-4302,
479,The Inn On Park Street,69 Park St,,Brandon,VT,05733,69 Park St Brandon VT,43.798508,-73.080933,http://www.theinnonparkstreet.com/,,
480,The Inn On the Green,71 S Pleasant St,,Middlebury,VT,05753,71 S Pleasant St Middlebury VT,44.013103,-73.166229,http://www.innonthegreen.com/,(802) 388-7512,
481,The Lilac Inn,53 Park St,,Brandon,VT,05733,53 Park St Brandon VT,43.798122,-73.083221,,(802) 221-0720,innkeeper@lilacinn.com
482,The Lloyd O. Selby Community Room,400 Quarry Rd,,Newport,VT,05855,400 Quarry Rd Newport VT,44.9573298,-72.1585768,http://www.eventective.com/USA/Vermont/Newport/,,
483,The Magic Hat Brewing Company,5 Bartlett Bay Rd,,South Burlington,VT,05403,5 Bartlett Bay Rd South Burlington VT,44.4284066,-73.2131557,,(802) 658-2739,
484,The Maple Leaf Inn Bed And Breakfast,5890 VT Rte 12,P.O. Box 273,Barnard,VT,05031,5890 VT Rte 12 Barnard VT,43.725803,-72.6198918,http://www.mapleleafinn.com/,(802) 516-2753,innkeeper@mapleleafinn.com
485,The Middlebury Inn,Court House Square,,Middlebury,VT,05753,Court House Square Middlebury VT,43.983632,-73.0935132,http://www.middleburyinn.com/,(802) 388-4961,
486,The Monkey House,30 Main St,,Winooski,VT,05404,30 Main St Winooski VT,44.4905199,-73.1866749,,(802) 654-7129,
487,The North End Studio,294 North Winooski Ave.,,Burlington,VT,05401,294 North Winooski Ave. Burlington VT,44.4874658,-73.2081215,,(802) 425-2488,
488,The Old Brick Church,100 Library Lane,,Williston,VT,05495,100 Library Lane Williston VT,44.438828,-73.072731,,(802) 878-4918,
489,The Old Homestead,1573 Us Route 5,,S. Barnard,VT,05821,1573 Us Route 5 S. Barnard VT,42.8879873,-72.5547494,http://www.theoldhomestead.com/,(802) 633-4016,
490,The Old Lantern Inn,3260 Greenbush Rd,,Charlotte,VT,05445,3260 Greenbush Rd Charlotte VT,44.304723,-73.256105,http://www.oldlantern.com,,
491,The Old Mill Inn Bed & Breakfast,79 Stone Mill Dam Rd,,Brandon,VT,05733,79 Stone Mill Dam Rd Brandon VT,43.8116259,-73.076523,http://www.oldmillbb.com/,(802) 247-8002,oldmillbnb@yahoo.com
492,The Packing House Lounge,293  Hill St,,Lyndonville,VT,05851,293  Hill St Lyndonville VT,44.5329517,-71.9938856,,,
493,The Parent Farmhouse Bed & Breakfast,854 Pattee Hill Rd,,Milton,VT,05468,854 Pattee Hill Rd Milton VT,44.730949,-73.145905,http://www.parentfarmhouse.com/,(802) 524.4201,
494,The Park Light Inn,232 Depot St,,Chester,VT,05143,232 Depot St Chester VT,43.262943,-72.590476,http://www.parklightinn.com/,,
495,The Peak Chalet,184 S View Path,PO Box 511,Killington,VT,05751,184 S View Path Killington VT,43.6537357,-72.7874597,http://peakchalet.com/,(802) 422-4278,
496,The Perfect Wife,2594 Depot St Route 11,,Manchester,VT,05255,2594 Depot St Route 11 Manchester VT,43.1744671,-73.0303438,http://www.perfectwife.com/Welcome.html,(802) 362-2817,goodfood@perfectwife.com
497,The Pines  Bar & Grill,1 Maple Ave,,Chelsea,VT,05038,1 Maple Ave Chelsea VT,43.988931,-72.448382,http://thepinesvt.webs.com/,,
498,The Pitcher Inn,275 Main St.,,Warren,VT,05674,275 Main St. Warren VT,44.1146922,-72.8555617,,(802) 496-6350,info@pitcherinn.com
499,The Pot Belly Pub & Restaurant,130 Main St,,Ludlow,VT,05149,130 Main St Ludlow VT,43.3960783,-72.6992036,http://www.vtliving.com/potbelly/index.shtml,(802) 228-8989,
500,The Pub Outback,466  Rt. 114,,East Burke,VT,05832,466  Rt. 114 East Burke VT,44.5881841,-71.9439972,,(802) 626-1188,
501,The Purple Moon Pub,6163 Vermont 100,,Waitsfield,VT,05673,6163 Vermont 100 Waitsfield VT,44.1714333,-72.832193,http://www.purplemoonpub.com/,(802) 496-3422,
502,The Quail Hollow Inn,225 Pleasant St,,Chester,VT,05143,225 Pleasant St Chester VT,43.2603818,-72.5850237,http://www.quailhollowinn.com/,(802) 875-2794,quailinn@vermontel.net
503,The Quechee Club,3268 Quechee Main St,,Quechee,VT,05059,3268 Quechee Main St Quechee VT,43.6571122,-72.4402656,http://quecheeclub.memfirstweb.net,(802) 295-9356,
504,The Red Clover Inn & Restaurant,7 Woodward Rd,,Killington,VT,05701,7 Woodward Rd Killington VT,43.6496775,-72.8878392,http://www.redcloverinn.com/index.php,(802) 775-2290,
505,The Red Fox Inn & Tavern,Winhall Hollow Rd,PO Box 707,Bondville,VT,05340,Winhall Hollow Rd Bondville VT,43.1286175,-72.8923575,http://www.redfoxinn.com/,(802) 297-2488,infored@sover.net
506,The Red Mill at Basin Harbor Club,4800 Basin Harbor Rd,,Ferrisburgh,VT,05491,4800 Basin Harbor Rd Ferrisburgh VT,44.1970584,-73.3619728,,(802) 475-7896,
507,The Skinner Barn,609 Common Rd,,Waitsfield,VT,05673,609 Common Rd Waitsfield VT,44.181934,-72.795639,http://www.theskinnerbarn.com/,(802) 496-4422,
508,The Skinny Pancake,60 Lake St,,Burlington,VT,05401,60 Lake St Burlington VT,44.477485,-73.2199234,http://skinnypancake.com/,(802) 540-0188,
509,The South Shire Inn,124 Elm St,,Bennington,VT,05201,124 Elm St Bennington VT,42.876724,-73.199585,http://www.southshire.com/,(802) 447-3839,relax@southshire.com
510,The Spot,210 Shelburne Rd,,Burlington,VT,05401,210 Shelburne Rd Burlington VT,44.459219,-73.207814,http://www.thespotvt.com/,(802) 540-1778,
511,The Stone Church,173 Green St,,Brattleboro,VT,05301,173 Green St Brattleboro VT,42.85241,-72.56517,http://www.eventective.com/USA/Vermont/Brattleboro/327935/The-Stone-Church.html,,
512,The Stone Hearth Inn,698 VT Route 11 West,,Chester,VT,05143,698 VT Route 11 West Chester VT,43.2640865,-72.5777918,http://www.stonehearthinnvermont.com/,,
513,The Studio Place Arts,201 N Main St,,Barre,VT,05641,201 N Main St Barre VT,44.1992322,-72.5037813,http://www.studioplacearts.com/,(802) 479.7069,
514,The Summit Lodge & Resort,200 Summit Rd,,Killington,VT,05751,200 Summit Rd Killington VT,43.655865,-72.786919,http://www.summitlodgevermont.com/,(802) 422-3535,summit@vermontel.net
515,The Tinder Box,17 Elliot St,,Brattleboro,VT,05301,17 Elliot St Brattleboro VT,42.8521864,-72.5586207,http://www.myspace.com/thetinderbox,,
516,The Trailside Inn,115 Coffee House Rd,,Killington,VT,05751,115 Coffee House Rd Killington VT,43.6775677,-72.7798247,,,
517,The Twilight Tea Lounge,41 Main St,,Brattleboro,VT,05301,41 Main St Brattleboro VT,42.8512753,-72.5574167,http://twilighttealounge.com/,(802) 254-8887,teatime@twilighttealounge.com
518,The Vergennes Opera House,PO Box 88,,Vergennes,VT,05491,PO Box 88 Vergennes VT,44.1672771,-73.2540111,http://www.vergennesoperahouse.org/,,
519,The Vermont Inn,69 Us Route 4,,Killington,VT,05751,69 Us Route 4 Killington VT,43.6555343,-72.889078,http://www.vermontinn.com/,(802) 775-0708,relax@vermontinn.com
520,The Waitsfield Inn,5267 Main St,,Waitsfield,VT,05673,5267 Main St Waitsfield VT,44.182902,-72.837698,http://www.waitsfieldinn.com/,(802) 496-3979,
521,The Webster Barn at Sterling Meadows Farm,309 Webster Rd,,Hyde Park,VT,05655,309 Webster Rd Hyde Park VT,44.619343,-72.609825,http://www.websterbarn.com/,(802) 888.9206,
522,The Wildflower Inn,2059 Darling Hill Rd,,Lyndonville,VT,05851,2059 Darling Hill Rd Lyndonville VT,44.5729609,-71.9721384,,(802) 626-8310,
523,The Willow And Lotus Bed And Breakfast,3958 Route 30,,Middlebury,VT,05753,3958 Route 30 Middlebury VT,43.9418336,-73.2118397,http://www.willowlotus.com/,(802) 462-2519,
524,The Wobbly Barn,2229 Killington Access Rd,,Killington,VT,05751,2229 Killington Access Rd Killington VT,43.6743913,-72.8088711,http://www.wobblybarn.net/site/index.html,(802) 422-3392,Entertainment@wobblybarn.com
525,The Woodstock Inn & Resort,14 The Green,,Woodstock,VT,05091,14 The Green Woodstock VT,43.623174,-72.518896,http://www.woodstockinn.com/,(802) 448-7900,
526,Three Mountain Lodge,Route 108,,Jeffersonville,VT,05464,Route 108 Jeffersonville VT,44.6152483,-72.8155018,http://www.threemountainlodge.com/,(802) 644-5736,threemt@together.net
527,Three Peaks Inn,1 River Rd,,Bondville,VT,05340,1 River Rd Bondville VT,43.1444627,-72.8768096,,(802) 297-1414,
528,Three Tomatoes Trattoria - Rutland,88 Merchants Row,,Rutland,VT,05701,88 Merchants Row Rutland VT,43.606834,-72.980103,,(802) 747-7747,
529,Tip Top Media and Arts Building,85 North Main St,,White River Junction,VT,05001,85 North Main St White River Junction VT,43.649527,-72.320285,http://www.tiptopmedia.com/,(802) 356-1933,
530,Trackside Tavern,18 Mallets Bay Ave,,Winooski,VT,05404,18 Mallets Bay Ave Winooski VT,44.49178,-73.189649,,(802) 655-9542,
531,Tuckaways (Sheraton),1214 Williston Rd,,South Burlington,VT,05403,1214 Williston Rd South Burlington VT,44.468887,-73.17564,http://www.sheratonburlington.com,(802) 865-6600,
532,Tucker Hill Inn & Restaurant,65 Marble Hill Rd,,Waitsfield,VT,05673,65 Marble Hill Rd Waitsfield VT,44.181667,-72.86544,http://www.tuckerhill.com/,(802) 496-3983,
533,Tully And Marie's,7 Bakery Ln,,Middlebury,VT,05753,7 Bakery Ln Middlebury VT,44.012707,-73.168091,http://www.tullyandmaries.com/,(802) 388-4182,
534,Tunbridge World's Fair,1 Fairgrounds Lane,,Tunbridge,VT,05077,1 Fairgrounds Lane Tunbridge VT,43.8888663,-72.4948036,http://www.tunbridgeworldsfair.com/,,
535,Tupelo Music Hall,188 South Main St,,White River Junction,VT,05001,188 South Main St White River Junction VT,43.6458888,-72.317882,http://www.tupelohallvermont.com/,(802) 698-8341,
536,Twin Farms,452 Royalton Turnpike,,Barnard,VT,05031,452 Royalton Turnpike Barnard VT,43.7248022,-72.5892234,http://www.twinfarms.com/,(800) 894-6327,info@twinfarms.com
537,Two Brothers' Tavern,86 Main St,PO Box 691,Middlebury,VT,05753,86 Main St Middlebury VT,44.0123133,-73.1696418,http://www.twobrotherstavern.com/,(802) 388-0002,
538,Uncle Sam's Pub,125 State St,,Rutland,VT,05701,125 State St Rutland VT,43.6091229,-72.9850079,http://www.facebook.com/pages/Uncle-Sams-Pub/186367521430,,
539,Unitarian Church of Montpelier,130 Main St,,Montpelier,VT,05602,130 Main St Montpelier VT,44.261421,-72.574522,http://www.unitarianchurchofmontpelier.org,(802) 223-7861,
540,Upper Deck Pub (Windjammer),1076 Williston Rd,,South Burlington,VT,05403,1076 Williston Rd South Burlington VT,44.470272,-73.178467,http://windjammerrestaurant.com/,(802) 862-6585,
541,Upper Valley Events Center,80 Us Route 5 S,,Norwich,VT,05055,80 Us Route 5 S Norwich VT,43.70499,-72.31044,http://www.uvevents.org/,(802) 649-2772,
542,Vergennes City Hall and Opera House,120 Main St,PO Box 88,Vergennes,VT,05491,120 Main St Vergennes VT,44.168568,-73.2508578,http://www.vergennesoperahouse.org/,(802) 877-6737,info@vergennesoperahouse.org
543,Vermont Arts Exchange,29 Sage St Mill,PO Box 725,North Bennington,VT,05257,29 Sage St Mill North Bennington VT,42.930356,-73.242609,http://www.vtartxchange.org/,(802) 442-5549,vae@comcast.net
544,Vermont Pub and Brewery,144 College St,,Burlington,VT,05401,144 College St Burlington VT,44.477262,-73.214394,http://vermontbrewery.com,(802) 865-0500,vpb@pshift.com
545,VFW Post,176 S Winooski Ave,,Burlington,VT,05401,176 S Winooski Ave Burlington VT,44.475339,-73.210642,,(802) 864-6532,
546,Villa Tragara,RR2 Box 881,,Waterbury,VT,05676,RR2 Box 881 Waterbury VT,44.3378203,-72.7562636,,(802) 244-5288,
547,Village Cup,30 Route 15,,Jericho,VT,05465,30 Route 15 Jericho VT,44.5027286,-73.0056837,,(802) 899-1730,
548,Village Victorian Bed & Breakfast,107 Union St,,Morrisville,VT,05661,107 Union St Morrisville VT,44.560425,-72.597115,http://villagevictorian.com/,(802) 888-8850,
549,Waf's Westside Deli!,165 East Allen St,,Winooski,VT,05404,165 East Allen St Winooski VT,44.492343,-73.180214,http://www.wafswestsidedeli.com/Cached,(802) 655-0290,
550,Wagner Road B & B,PO Box 670,,St. Albans,VT,05478,PO Box 670 St. Albans VT,44.8107132,-73.0835582,http://www.wagnerroadbnb.com/,(802) 849-6030,
551,Wasted City,1610 Troy Ave,,Colchester,VT,05495,1610 Troy Ave Colchester VT,44.5034111,-73.1538804,http://www.myspace.com/justingonyea,(802) 324-8935,justin@ofburlington.com
552,Water's Edge Bed & Breakfast,324 Wishing Well Ave,,Newport,VT,05855,324 Wishing Well Ave Newport VT,44.943087,-72.230313,http://www.watersedgebb.com/,,
553,West Mountain Inn,144 W Mountain Inn Rd,,Arlington,VT,05250,144 W Mountain Inn Rd Arlington VT,43.0743697,-73.1678628,http://www.westmountaininn.com/,(802) 375-6516,info@westmountaininn.com
554,West Rutland Town Hall,35 Marble St,,West Rutland,VT,05777,35 Marble St West Rutland VT,43.59478,-73.04821,http://www.wrutland.org/,(802) 438-2263,townmanager@wrutland.org
555,West Shore Cabins,888 Us Route 2,,North Hero,VT,05474,888 Us Route 2 North Hero VT,44.4642664,-73.1592071,http://westshorecabinsvt.com/,,
556,Weston Playhouse,703 Main St,,Weston,VT,05161,703 Main St Weston VT,43.2930599,-72.790413,,(802) 824-8167,
557,White Horse Inn,999 German Flats Rd,,Waitsfield,VT,05673,999 German Flats Rd Waitsfield VT,44.177608,-72.887688,http://www.whitehorseinn.org/,,
558,Whitford House Inn,912 Grandey Rd,,Vergennes,VT,05491,912 Grandey Rd Vergennes VT,44.037673,-73.341834,http://www.whitfordhouseinn.com/,(802) 758-2704,
559,Willey Memorial Building,3084 Main St,PO Box 36,Cabot,VT,05647,3084 Main St Cabot VT,44.402111,-72.310997,,(802) 563-2279,
560,Windsor Station Pub,27 Depot Ave,,Windsor,VT,05089,27 Depot Ave Windsor VT,43.480865,-72.384773,,(802) 674-2052,
561,Wine Works,135 Saint Paul St,,Burlington,VT,05495,135 Saint Paul St Burlington VT,44.4761635,-73.2142558,http://www.wineworks.com,(802) 860-9463,contact@wineworks.net
